Autor,Objeto (é imagem)?,Objeto,Enunciado,Alternativa a,Alternativa b,Alternativa c,Alternativa d,Alternativa e,Resposta,"Resolução 
(caso discursiva)","Origem
(Fonte)",Ano,"Disciplinas 
(Separadas por vírgula)",Grau de dificuldade,Nível de Ensino,"Tags
(Separadas por vírgula)"
Mupi,N,"<p><strong>A TOUPEIRA</strong></p>

<p>Eis a história da toupeira – um animal cego – que disse à mãe que estava enxergando. A mãe colocou-a à
prova: deu-lhe um grão de incenso e perguntou o que era.</p>
<p>- Um pedregulho – respondeu a filha.</p>
<p>- Minha filha - disse a mãe -, além de cega, perdeste o olfato.</p>
<p><small>(Esopo, Fábulas)</small></p>","<p>Toda fábula possui uma moral que nos leva a refletir sobre seu significado. Indique a opção que apresenta a moral
adequada à história apresentada.</p>",“A corda sempre arrebenta do lado mais fraco”.,“A glória fútil é fonte de todos os males”.,“O impostor promete o impossível: basta um nada para confundi-lo”.,“Errando é que se aprende”.,“Quem tudo quer tudo perde”.,c,,Cotuca,2010,2,E,3,"fábula, esopo, moral da história, interpretação"
Mupi,N,"<p><strong>PORTÃO</strong></p>
<p>O portão fica bocejando, aberto</br>
para os alunos retardatários.</br>
Não há pressa em viver</br>
nem nas ladeiras duras de subir,</br>
quanto mais para estudar a insípida cartilha.</br>
Mas se o pai do menino é da oposição</br>
à ilustríssima autoridade municipal,</br>
prima da eminentíssima autoridade provincial,</br>
prima por sua vez da sacratíssima</br>
autoridade nacional,</br>
ah, isso não: o vagabundo</br>
ficará mofando lá fora</br>
e leva no boletim uma galáxia de zeros.</br>
A gente aprende muito no portão</br>
fechado.</p>

<p><small>(Carlos Drummond de Andrade, Menino Antigo, Livraria José Olympio Editora, p.49)</small></p>","<p><strong>Glossário:</strong></p>
<p>insípida: sem graça, sem sabor</br>
cartilha: livro de alfabetização</br>
eminentíssima: muito importante</br>
provincial: da província, do Estado</br>
sacratíssima: muito sagrada</p>

<p>O portão fechado ensina que:</p>
<p>I. aprender as lições da cartilha é algo que se faz por dever, não por prazer, uma vez que não tem a menor
graça;</br>
II. sempre há um novo dia, trazendo novas oportunidades; por isso, não se deve ter pressa em viver;</br>
III. a escola que permite a entrada de alunos atrasados, quando estes são filhos, parentes ou
apadrinhados de gente importante, não pratica a igualdade democrática;</br>
IV. a escola, instituição que, depois da família, é a principal responsável pela educação das novas
gerações, costuma ser muito compreensiva com os atrasos dos alunos;</br>
V. a concessão de privilégios relacionados a parentesco, importância social, detenção de poder político é
uma prática generalizada no Brasil.</p>
<p>Sobre a interpretação do poema, estão CORRETAS as afirmações:</p>",I e II,III e IV,III e V,II e IV,I e V,c,,Cotuca,2010,2,H,3,"interpretação de poema, poesia, drummond, poema, carlos drummond de andrade"
Mupi,N,"<p>“Podem me prender no</br>
quarto eu saio pela janela.</br>
Podem trancar a janela eu</br>
fujo pelo telefone.</br>
Podem cortar o telefone</br>
Eu pulo dentro de um</br>
livro.”</p>
<p><small>(Léo Cunha)</small></p>","<p>Leia com atenção:</p>
<p>Identifique qual das afirmativas abaixo NÃO corresponde às informações sugeridas pelo texto:</p>","Há a intenção de alguém em capturar, aprisionar o eu lírico. De forma criativa, elementos como “janela”,
“telefone” e “livro” são indicados como rotas de fuga desse eu lírico para garantir sua liberdade.","O poema não nos revela a identidade daquele que tem por objetivo tirar a liberdade de ir e vir do eu
lírico porque tal informação não é relevante.","Algumas estratégias são citadas para impedir o eu lírico de fugir. Desse modo, o texto pode sugerir que
esse eu lírico representaria uma ameaça, que, a qualquer custo, deveria ser mantida em confinamento.","No contexto de um texto que se utiliza de linguagem poética, “janela”, “telefone” e “livro” são elementos
da linguagem figurada que indicam meios de alcançar a liberdade; afinal, por eles, pode-se escapar para o
mundo.","No contexto de um texto que se utiliza de linguagem poética, “janela” e “telefone” indicam meios que
levam à liberdade; mas esse não é o caso do “livro”, que não permite o “escapar” para o mundo.",e,,Cotuca,2010,2,M,3,"interpretação de poema, poesia, léo cunha, poema, eu lírico, linguagem poética"
Mupi,N,"<p><strong>DE COMO NÃO LER UM POEMA</strong></p>

<p>Há tempos me perguntaram umas menininhas, numa dessas pesquisas, quantos diminutivos eu
empregara no meu livro <em>A Rua dos Cataventos</em>. Espantadíssimo, disse-lhes que não sabia. Nem tentaria saber,
porque poderiam escapar-me alguns na contagem. Que essas estatísticas, aliás, só poderiam ser feitas
eficientemente com o auxílio de robôs. Não sei se as menininhas sabiam ao certo o que era um robô. Mas a
professora delas, que mandara fazer as perguntas, devia ser um deles.</p>
<p>E mal sabia eu, então, que estava dando um testemunho sobre o estruturalismo – o qual só depois vim
a conhecer pelos seus produtos em jornais e revistas. Mas continuo achando que um poema (um verdadeiro
poema, quero dizer), sendo algo dramaticamente emocional, não deveria ser entregue à consideração de robôs,
que, como todos sabem, são inumanos.</p>
<p>Um robô, quando muito, poderá fazer uma meticulosa autópsia – caso fosse possível autopsiar uma
coisa tão viva como é a poesia.</p>
<p>Em todo caso, os estruturalistas não deixam de ter o seu quê de humano...</p>
<p>Nas suas pacientes, afanosas, exaustivas furungações, são exatamente como certas crianças que
acabam estripando um boneco para ver onde está a musiquinha.</p>

<p><small>(Mário Quintana – Textos Selecionados)</small></p>","<p><strong>Glossário:</strong></p>
<p>Estruturalismo: tendência metodológica que busca a
apreensão de estruturas concebidas como modelos
matemáticos, mecânicos.</br>
Afanosas: trabalhosas, cansativas.</br>
Furungações: buscas exaustivas de dados que não
existem.</p>

<p>Acerca do texto lido, pode-se afirmar que:</p>
<p>I. O poeta se espantou com a pergunta, porque ela lhe foi feita por umas menininhas.</br>
II. Os estruturalistas, como os robôs, fazem uma análise tão cuidadosa do poema, que acabam por
desfigurá-lo.</br>
III. O poeta e a professora estavam de acordo sobre a importância dos diminutivos no texto literário.</br>
IV. Os robôs são inumanos e os estruturalistas, com seu excessivo apego a detalhes, às vezes tornam-se
desumanos.</br>
V. Os poemas, por demandarem sensibilidade do leitor, não deveriam ser analisados por professores que
agem como robôs.</p>
<p>Estão CORRETAS as seguintes interpretações do texto de Mário Quintana:</p>",I – II – IV,II – III – IV,I – IV - V,I – III – V,II – IV – V,e,,Cotuca,2010,2,H,3,"interpretação, mario quintana, estruturalismo"
Mupi,N,"<p><strong>DE COMO NÃO LER UM POEMA</strong></p>

<p>Há tempos me perguntaram umas menininhas, numa dessas pesquisas, quantos diminutivos eu
empregara no meu livro A Rua dos Cataventos. Espantadíssimo, disse-lhes que não sabia. Nem tentaria saber,
porque poderiam escapar-me alguns na contagem. Que essas estatísticas, aliás, só poderiam ser feitas
eficientemente com o auxílio de robôs. Não sei se as menininhas sabiam ao certo o que era um robô. Mas a
professora delas, que mandara fazer as perguntas, devia ser um deles.</p>
<p>E mal sabia eu, então, que estava dando um testemunho sobre o estruturalismo – o qual só depois vim
a conhecer pelos seus produtos em jornais e revistas. Mas continuo achando que um poema (um verdadeiro
poema, quero dizer), sendo algo dramaticamente emocional, não deveria ser entregue à consideração de robôs,
que, como todos sabem, são inumanos.</p>
<p>Um robô, quando muito, poderá fazer uma meticulosa autópsia – caso fosse possível autopsiar uma
coisa tão viva como é a poesia.</p>
<p>Em todo caso, os estruturalistas não deixam de ter o seu quê de humano...</p>
<p>Nas suas pacientes, afanosas, exaustivas furungações, são exatamente como certas crianças que
acabam estripando um boneco para ver onde está a musiquinha.</p>

<p><small>(Mário Quintana – Textos Selecionados)<small></p>","<p><strong>Glossário:</strong></p>
<p>Estruturalismo: tendência metodológica que busca a
apreensão de estruturas concebidas como modelos
matemáticos, mecânicos.</br>
Afanosas: trabalhosas, cansativas.</br>
Furungações: buscas exaustivas de dados que não
existem.</p>

<p>Ainda sobre o texto de Mario Quintana, assinale a alternativa INCORRETA. O autor destila uma ironia amarga
contra:</p>",os que não sabem ler poemas,as crianças que destroem bonecos,os professores que agem como robôs,os especialistas destituídos de sensibilidade,os que fazem estatísticas sobre diminutivos,b,,Cotuca,2010,2,M,3,"interpretação, mario quintana, estruturalismo, ironia"
Mupi,S,cotuca-2010/img001.png,"<p>Observe a tirinha.</p>
<p>A partir da leitura atenta da tira, assinale a alternativa INCORRETA:</p>","Há uma crítica indireta ao seguinte fato: certos textos produzidos pelos acadêmicos são
incompreensíveis para os leitores comuns.","Segundo o próprio Calvin, ele passou a gostar de escrever quando descobriu o que fazer para redigir
bem. Mas, na verdade, essa descoberta foi bastante equivocada.","Para Calvin, escrever bem é conhecer e usar palavras cujos significados sejam comuns e facilmente
compreensíveis.","Nos 2o e 3o quadrinhos, uma análise atenta do vocabulário e das frases utilizados pelo menino indica
um modo de falar que busca sofisticação; é como se Calvin passasse a falar “por escrito”.","A tirinha em questão critica, de forma implícita, uma lamentável realidade: muitas vezes, as atividades
promovidas por algumas escolas levam os estudantes a crer que a boa redação é aquela construída de
forma complexa, com o uso de palavras raras.",c,,Cotuca,2010,2,H,3,"interpretação, tirinha, calvin e haroldo, ironia, escrita, padrão de escrita, escrita acadêmica"
Mupi,,,"Todas as construções a seguir foram retiradas de redações de alunos do Ensino Fundamental. Avalie-as e
assinale aquela cuja redação está CLARA, CORRETA e COERENTE:","“O problema dos menores infratores no Brasil é culpa do governo e dos pais: do governo pois não
promove políticas públicas para acabar com a pobreza, uma vez que diminuindo a pobreza diminue
também o número de menores infratores. Dos pais pois eles não educam seus filhos”.","“Nota-se que os jovens não têm hábito de ler por razões econômicas e políticas: na família não há
incentivo, não há escolas para todos, a falta de dinheiro e também por falta de vontade”.","“A maioria dos estudantes não consegue se dar bem nos vestibulares concorridos, onde exigem um
forte conhecimento das matérias do ensino médio”.","“O alicerce mais precioso de um país é a educação de seu povo. No Brasil, por exemplo, infelizmente, a
escola pública ainda está falida, promovendo alunos que nem sabem ler e escrever, além da enorme
quantidade de  ́analfabetos funcionais’”.","“A canção fala da história de um casal que se ama muito e que um deles tenta esquecer do outro, mas
não consegue, porque ninguém mais pode mexer tanto com os seus sentidos e instintos”.",d,,Cotuca,2010,2,H,3,"escrita, coerência, norma padrão"
Mupi,,,"<p>“Como toda menina, Maria queria uma amiga que estivesse sempre disposta a brincar com ela e a levasse a
sério.”</p>
<p>A partir da leitura do trecho acima, é CORRETO afirmar que:</p>","Se a expressão “toda menina” fosse substituída por “toda a menina”, não haveria mudança de sentido.","Sem a presença do artigo, a expressão “toda menina” indica uma menina qualquer.","Em “queria uma amiga”, ocorre uma definição sobre o tipo de amiga específica que Maria quer ter.","Em “a levasse a sério”, temos dois artigos definidos femininos usados no singular.","Na expressão “uma amiga”, temos indicada a quantidade de amigas que Maria quer ter.",b,,Cotuca,2010,2,M,3,"escrita, artigo, artigo definido, norma padrão"
Mupi,,,"<p>O trecho a seguir foi retirado de uma carta aberta de Danuza Leão a Dona Marisa, cobrando sua atuação como
primeira-dama no segundo mandato do Presidente Lula.</p>
<p>”Ah, Dona Marisa, esse país é cheio de problemas, e a senhora poderia ajudar em alguma coisa. Já existe o Bolsa
Família e o Fome Zero, mas ainda há muita coisa a ser feita”.</p>

<p>(Danuza Leão, Carta a Dona Marisa, Folha de S. Paulo, 05/11/2006)</p>
<p>Em relação ao uso da palavra <strong>esse</strong> dentro do contexto, avalie as afirmações a seguir:</p>
<p>I. A autora certamente se refere a qualquer país.</br>
II. A autora se refere adequadamente ao Brasil.</br>
III. A autora se refere ao Brasil de modo inadequado.</br>
IV. A autora se refere adequadamente a um outro país.</br>
V. A autora acaba se referindo equivocadamente a um outro país.</p>
<p>Está CORRETA a alternativa:</p>",III e V,"I, III e V",II e IV,"II, IV e V",II e V,a,,Cotuca,2010,2,H,3,"pronome demonstrativo, norma padrão, esse, este, interpretação"
Mupi,,,"<p>Nos exemplos de frases abaixo, há variações de sentido relacionadas ao uso de conectores diferentes.</p>
<p>1. Fazer um trabalho para a UNICAMP.</br>
2. Fazer um trabalho na UNICAMP.</br>
3. Fazer um trabalho sobre a UNICAMP.</br>
4. Fazer um trabalho como a UNICAMP.</br>
5. Fazer um trabalho com a UNICAMP.</p>
<p>Observe as possíveis variações de sentido e preencha os parênteses na ordem que reproduz uma
correspondência adequada entre exemplos e seus significados.</p>
<p>( ) A UNICAMP sediou a realização do trabalho.</br>
( ) O trabalho foi feito em parceria com a UNICAMP.</br>
( ) A UNICAMP foi tema do trabalho.</br>
( ) O trabalho seguiu a linha proposta pela UNICAMP.</br>
( ) A UNICAMP solicitou o trabalho.</p>
<p>Assinale, agora, a alternativa que contém a sequência CORRETA:</p>",2 – 5 – 3 – 4 - 1,2 – 3 – 1 – 5 - 4,5 – 2 – 3 – 1 - 4,5 – 2 – 1 – 4 - 3,4 – 5 – 2 – 3 - 1,a,,Cotuca,2010,2,M,3,"conector, preposição, conjunção"
Mupi,,,"<p>Observe os pares de frases:</p>
<p>
A) 1. Conversaram <strong>acerca</strong> da venda do imóvel.</br>
2. Conversaram <strong>a cerca</strong> de duas horas sobre a venda do imóvel.</p>
<p>
B) 1. Pela janela entreaberta, testemunhou, abismado, que o monge dormia na <strong>sela</strong>.</br>
2. Pela janela entreaberta, testemunhou, abismado, que o monge dormia na <strong>cela</strong>.</p>
<p>C) 1. A <strong>descrição</strong> dos personagens não cabe neste contexto.</br>
2. A <strong>discrição</strong> dos personagens não cabe neste contexto.</p>
<p>D) 1. Os senadores mais velhos se preparavam para <strong>caçar</strong> tucanos.</br>
2. Os senadores mais velhos se preparavam para <strong>cassar</strong> tucanos.</p>
<p>E) 1. O magistrado empenhou-se para <strong>absolver</strong> o real sentido daquele depoimento.</br>
2. Diante da falta de provas, um magistrado jamais irá <strong>absorver</strong> um réu.</p>
<p>Os dois empregos dos termos destacados se ajustam adequadamente ao contexto em:</p>",A - B - E,A - B - D,B - D – E,B – C – D,A – C – D,d,,Cotuca,2010,2,M,3,"ortografia, homônimo"
Mupi,,,Somente uma das redações abaixo está CORRETA quanto ao emprego dos verbos:,"Quando você o vir, avisa-lhe que poderemos participar da Olimpíada de Química, desde que
começamos a desenvolver logo as pesquisas de laboratório. Embora podemos estudar por conta própria,
será melhor esperar até que o professor tenha chego.","Quando você o vir, avise-lhe que poderemos participar da Olimpíada de Química, desde que
comecemos a desenvolver logo as pesquisas de laboratório. Embora possamos estudar por conta própria,
será melhor esperar até que o professor tenha chegado.","Quando você o ver, avisa-lhe que poderemos participar da Olimpíada de Química, desde que
comecemos a desenvolver logo as pesquisas de laboratório. Embora podemos estudar por conta própria,
será melhor esperar até que o professor tenha chego.","Quando você o ver, avise-lhe que poderemos participar da Olimpíada de Química, desde que
começamos a desenvolver logo as pesquisas de laboratório. Embora possamos estudar por conta própria,
será melhor esperar até que o professor tenha chegado.","Quando você o ver, avise-lhe que poderemos participar da Olimpíada de Química, desde que
comecemos a desenvolver logo as pesquisas de laboratório. Embora podemos estudar por conta própria,
será melhor esperar até que o professor tenha chegado.",b,,Cotuca,2010,2,H,3,"verbo irregular, verbo ver, conjugação verbal, modo subjuntivo, futuro do subjuntivo"
Mupi,S,cotuca-2010/img002.png,"A figura mostra a imagem do porquinho refletida em uma bolinha de árvore de Natal, considerada
como um espelho esférico convexo. Em relação a essa figura, podemos afirmar:","A figura está correta, pois um espelho esférico convexo sempre forma uma imagem maior que o objeto.","A figura está incorreta, pois um espelho esférico convexo sempre forma uma imagem menor que o
objeto.","A figura está incorreta, pois um espelho esférico convexo sempre forma uma imagem do mesmo
tamanho do objeto.","A figura está incorreta, pois um espelho esférico convexo sempre forma uma imagem invertida em
relação ao objeto.","A figura está incorreta, pois a posição em que se encontra o porquinho não possibilita a formação de
imagem no espelho.",b,,Cotuca,2010,9,M,3,"óptica, espelho esférico, espelho convexo"
Mupi,S,cotuca-2010/img003.png,"O gráfico representa a curva de aquecimento de H2O (água) do estado sólido até a sua completa
vaporização, ao nível do mar (à pressão de 1 atm). Com base no gráfico, assinale a alternativa CORRETA.","O gráfico a seguir representa a curva de aquecimento de H2O (água) do estado sólido até a sua completa
vaporização, ao nível do mar (à pressão de 1 atm).

Com base no gráfico, assinale a alternativa CORRETA.","Ocorreu mudança de estado físico da água nos
trechos AB e CD.","A maior absorção de calor ocorreu no trecho
CD.","A maior variação de temperatura ocorreu no
trecho DE.",A fusão da água ocorreu no trecho AB.,a,,Cotuca,2010,"9, 4",M,3,"estados físicos, estados físicos da água, gráfico, mudança de estado físico"
Mupi,,,"Qual das alternativas a seguir apresenta uma sequência de gráficos que representam, de maneira CORRETA,
a variação do espaço (s), da velocidade (v) e da aceleração (a), para um mesmo intervalo de tempo (t), em um
Movimento Retilíneo Uniforme (MRU).","<img src=""https://s3.us-east-2.amazonaws.com/masteraula/images/question_images/cotuca-2010/img004.png""/>","<img src=""https://s3.us-east-2.amazonaws.com/masteraula/images/question_images/cotuca-2010/img005.png""/>","<img src=""https://s3.us-east-2.amazonaws.com/masteraula/images/question_images/cotuca-2010/img006.png""/>","<img src=""https://s3.us-east-2.amazonaws.com/masteraula/images/question_images/cotuca-2010/img007.png""/>","<img src=""https://s3.us-east-2.amazonaws.com/masteraula/images/question_images/cotuca-2010/img008.png""/>",e,,Cotuca,2010,"4, 9",H,3,"movimento retilíneo uniforme, mru, mecânica, reta, gráfico"
Mupi,,,"Qual o valor da expressão <img src=""https://s3.us-east-2.amazonaws.com/masteraula/images/question_images/cotuca-2010/img009.png""/> quando <img src=""https://s3.us-east-2.amazonaws.com/masteraula/images/question_images/cotuca-2010/img010.png""/>?",2,3,-4/5,1/2,-10/7,c,,Cotuca,2010,4,E,3,"equação primeiro grau, fração, operações com fração"
Mupi,,,"Três amigos, Alberto, Bruna e Carlos, foram a uma lanchonete. Alberto comprou 2 latas de refrigerante e 3
salgados, pagando R$ 10,40. Já Bruna consumiu 1 lata de refrigerante e 2 salgados, pagando R$ 6,10. Se Carlos
consumiu 3 latas de refrigerante e 1 salgado, qual foi o valor pago por ele?","R$9,60","R$9,30","R$8,90","R$8,40","R$7,80",b,,Cotuca,2010,4,H,3,"solução problema, resolução problema"
Mupi,,,"<p>Considere os conjuntos:</p>
<p class=""text-center""><img src=""https://s3.us-east-2.amazonaws.com/masteraula/images/question_images/cotuca-2010/img011.png""/></p>

<p>Agora, considere as seguintes proposições:</p>
<p>
I) <img src=""https://s3.us-east-2.amazonaws.com/masteraula/images/question_images/cotuca-2010/img012.png""/></br>
II) <img src=""https://s3.us-east-2.amazonaws.com/masteraula/images/question_images/cotuca-2010/img013.png""/> </br>
III) O conjunto A tem quatro elementos </br>
IV) <img src=""https://s3.us-east-2.amazonaws.com/masteraula/images/question_images/cotuca-2010/img014.png""/></br>
V) <img src=""https://s3.us-east-2.amazonaws.com/masteraula/images/question_images/cotuca-2010/img015.png""/></p>

<p>Qual é a única proposição CORRETA?</p>
",I,II,III,IV,V,d,,Cotuca,2010,4,H,3,"matemática básica, conjuntos"
Mupi,,,<p>Qual é o conjunto-solução da equação (2x – 3)<sup>2</sup> = (3x – 1)∙(x – 1) – 3 ?</p>,S ={4 &#177; &#8730;5},S ={4 &#177; 2&#8730;5},S ={-2 &#177; &#8730;11},S ={-2 &#177; 2&#8730;11},S ={-4 &#177; &#8730;11},a,,Cotuca,2010,4,H,3,"equação segundo grau, conjunto-solução"
Mupi,,,"<p>Sabendo que o gráfico abaixo, representado no plano cartesiano, é uma reta, qual é o valor de y quando
x = 8?</p>
<p class=""text-center""><img src=""https://s3.us-east-2.amazonaws.com/masteraula/images/question_images/cotuca-2010/img016.png""/></p>",35/3,37/3,38/3,40/3,41/3,e,,Cotuca,2010,4,E,3,"reta, gráfico, plano cartesiano, equação primeiro grau"
Mupi,,,"<p>Uma folha de papel retangular possui área de 672 cm<sup>2</sup>. Se dobrada, conforme representação abaixo, obtêm-se duas figuras: um retângulo de área 416 cm<sup>2</sup> e um triângulo retângulo.</p>
<p class=""text-center""><img src=""https://s3.us-east-2.amazonaws.com/masteraula/images/question_images/cotuca-2010/img017.png""/></p>
<p>Qual a medida da diagonal da folha de papel?</p>",&#8730;1344 cm,&#8730;1360 cm,&#8730;1465 cm,&#8730;2020 cm,&#8730;3280 cm,d,,Cotuca,2010,4,M,3,"geometria, retângulo, área, diagonal retângulo"
Mupi,,,"<p>João possui 10 figurinhas enumeradas de 1 a 10 e Pedro possui 5, enumeradas de 11 a 15. Jogando bafo,
entre perdas e ganhos, João ganhou uma figurinha e perdeu duas. Com isso, a soma dos números das figurinhas
de Pedro passou para 67. Das figurinhas que João perdeu, o número de uma é o dobro da outra. Qual é a soma dos números das figurinhas
que Pedro ganhou?</p>",3,6,9,12,15,e,,Cotuca,2010,4,M,3,"raciocínio lógico, solução problema, resolução problema"
Mupi,,,"<p>Uma empresa fabrica e vende dois tipos de rolamentos, A e B, para motores. O gráfico de linhas abaixo representa o número de unidades vendidas dos dois produtos no período compreendido entre janeiro e setembro
de 2009.</p>
<p class=""text-center""><img src=""https://s3.us-east-2.amazonaws.com/masteraula/images/question_images/cotuca-2010/img018.png""/></p>
<p>Podemos afirmar que:</p>","Entre abril e julho, a venda do produto A se manteve constante.","Em março, foram vendidas 1200 unidades do produto B e 1300 unidades do produto A.","A média de vendas do produto B, no período de fevereiro a setembro, foi de 1150 unidades/mês.","De março para abril, o produto B teve uma queda de venda de 30%.","No período de abril a agosto, o rolamento A vendeu 500 unidades a mais que o rolamento B.",c,,Cotuca,2010,4,M,3,"gráfico linhas, interpretação gráfico"
Mupi,,,"Com R$ 40,00, Rose comprou dois produtos, A e B. Vendeu A com um ganho de 20% e B com uma perda de
20%. Considerando que Rose vendeu A por R$ 30,00, é correto afirmar que, em relação à venda de A e B:",Rose não obteve nem lucro nem prejuízo.,O preço de compra de B é a metade do preço de venda de A.,"Rose obteve um prejuízo de R$ 2,00.",Não é possível saber se Rose teve lucro ou não.,"Rose obteve um lucro superior a R$ 2,00.",b,,Cotuca,2010,4,M,3,"porcentagem, lucro, matemática financeira"
Mupi,,,"<p>Um ciclista sobe, em linha reta, a rampa de uma passarela de travessia com inclinação de 8&deg;, a uma velocidade de 5 metros por segundo. A altura do topo da rampa em relação ao solo é de 35 metros, conforme
mostra a figura:</p>
<p class=""text-center""><img src=""https://s3.us-east-2.amazonaws.com/masteraula/images/question_images/cotuca-2010/img019.png""/></p>
<p>Qual é o tempo que o ciclista leva para subir completamente a rampa? Dados: sen8&deg; = 0,14 e cos8&deg; = 0,99.</p>",1min20s,1min10s,1min,50s,40s,d,,Cotuca,2010,4,M,3,"seno, cosseno, triângulo, trigonometria"
Mupi,,,"<p>Na figura a seguir, temos um retângulo de lados x e y e um setor circular de raio y. Sabendo que as áreas I e
II são equivalentes, qual é o valor da razão y/x?</p>
<p class=""text-center""><img src=""https://s3.us-east-2.amazonaws.com/masteraula/images/question_images/cotuca-2010/img020.png""/></p>","<img src=""https://s3.us-east-2.amazonaws.com/masteraula/images/question_images/cotuca-2010/img021.png""/>","<img src=""https://s3.us-east-2.amazonaws.com/masteraula/images/question_images/cotuca-2010/img022.png""/>","<img src=""https://s3.us-east-2.amazonaws.com/masteraula/images/question_images/cotuca-2010/img023.png""/>","<img src=""https://s3.us-east-2.amazonaws.com/masteraula/images/question_images/cotuca-2010/img024.png""/>","<img src=""https://s3.us-east-2.amazonaws.com/masteraula/images/question_images/cotuca-2010/img025.png""/>",c,,Cotuca,2010,4,H,3,"geometria, circunferência, cumprimento, pi"
Mupi,,,"<p>Uma grandeza x é diretamente proporcional ao quadrado de uma grandeza y se os números que expressam essas grandezas variam na mesma razão, isto é, se existe uma constante k tal que <img src=""https://s3.us-east-2.amazonaws.com/masteraula/images/question_images/cotuca-2010/img026.png""/> . Considerando que, na tabela a seguir, x é diretamente proporcional ao quadrado de y e n > 0, qual é o valor de m/n?</p>
<p class=""text-center""><img src=""https://s3.us-east-2.amazonaws.com/masteraula/images/question_images/cotuca-2010/img027.png""/></p>",4,1/4,1/2,1/16,16,a,,Cotuca,2010,4,M,3,"grandezas, grandezas proporcionais, regra três"
Mupi,N,"<p>Tendo em vista a Lei Antifumo, implantada no Estado de São Paulo, desde 07 de agosto de 2009, foram
divulgadas várias informações a respeito do hábito de fumar e suas consequências. Um exemplo é o trecho da
entrevista do Dr. Daniel Deheinzelin (professor de Pneumologia da Faculdade de Medicina da Universidade de
São Paulo e diretor-clínico do Hospital A. C. Camargo, o Hospital do Câncer de São Paulo) ao Dr. Drauzio Varella.</p>
<p><small>(Fonte: http://www.drauziovarella.com.br/entrevistas/cigarro_aparelho1.asp)</small></p>

<p><strong>Ação da nicotina no aparelho respiratório</p></strong>

<p><strong>Drauzio</strong> - Em geral, a dependência da nicotina começa na adolescência. O que acontece com o pulmão do
adolescente quando começa a fumar?</br>
<strong>Daniel Deheinzelin</strong>– Tão logo a pessoa começa a fumar, tem início uma reação inflamatória provocada pela
temperatura elevada da fumaça que queima não só os pulmões, mas toda a via aérea. Prova disso é o reflexo de
tosse que acompanha as baforadas dos principiantes. Depois, os sintomas desagradáveis desaparecem e
progressivamente vai aumentando o número de cigarros fumados num dia. A combustão resultante dessa
agressão térmica gera partículas de oxigênio, os chamados radicais livres, que têm a capacidade de oxidar as
estruturas celulares, destruindo a base arquitetônica dos pulmões. Dizer que o cigarro faz mal para o pulmão é
apenas parte da verdade. O cigarro lesa as vias respiratórias inteirinhas. O revestimento interno do aparelho
respiratório não suporta a toxicidade nem a alta temperatura da fumaça e começa a sofrer um processo de
substituição de células. Além disso, a produção de muco aumenta muito. Por quê? Porque o muco funciona
como capa protetora do tecido epitelial que reveste as vias aéreas e pode ajudar a expelir os elementos irritantes
que foram inalados. Nos brônquios, a fumaça também provoca uma reação inflamatória que provoca destruição
progressiva da árvore brônquica. Portanto, já no dia em que o adolescente começa a fumar, e não tardiamente
como muitos pensam, a integridade do aparelho respiratório fica comprometida por duas razões:</br>
- destruição dos alvéolos, o que caracteriza uma doença chamada enfisema pulmonar;</br>
- mudança da composição do revestimento dos brônquios, o que acaba levando à doença conhecida como
bronquite.</p>",Qual das frases abaixo NÃO corresponde ao que diz o texto?,"O texto permite que se compreenda a origem do enfisema pulmonar, uma das consequências do uso do
cigarro.","O texto explica os problemas de saúde que atingem os chamados fumantes passivos, isto é, aqueles
que não têm hábito de fumar.","Segundo as informações do texto, as consequências do tabagismo não se limitam aos pulmões,
comprometendo outras vias respiratórias.","O texto afirma que a fumaça e outros componentes do cigarro provocam lesões no tecido que reveste
as vias respiratórias.","No texto, são encontradas diversas informações de ordem fisiológica, como a tosse dos que começam
a fumar.",b,,Cotuca,2010,"8, 7",M,3,"enfisema pulmonar, interpretação, dependência nicotina, drauzio varella, sistema respiratório"
Mupi,N,"<p>Tendo em vista a Lei Antifumo, implantada no Estado de São Paulo, desde 07 de agosto de 2009, foram
divulgadas várias informações a respeito do hábito de fumar e suas consequências. Um exemplo é o trecho da
entrevista do Dr. Daniel Deheinzelin (professor de Pneumologia da Faculdade de Medicina da Universidade de
São Paulo e diretor-clínico do Hospital A. C. Camargo, o Hospital do Câncer de São Paulo) ao Dr. Drauzio Varella.</p>
<p><small>(Fonte: http://www.drauziovarella.com.br/entrevistas/cigarro_aparelho1.asp)</small></p>

<p><strong>Ação da nicotina no aparelho respiratório</p></strong>

<p><strong>Drauzio</strong> - Em geral, a dependência da nicotina começa na adolescência. O que acontece com o pulmão do
adolescente quando começa a fumar?</br>
<strong>Daniel Deheinzelin</strong>– Tão logo a pessoa começa a fumar, tem início uma reação inflamatória provocada pela
temperatura elevada da fumaça que queima não só os pulmões, mas toda a via aérea. Prova disso é o reflexo de
tosse que acompanha as baforadas dos principiantes. Depois, os sintomas desagradáveis desaparecem e
progressivamente vai aumentando o número de cigarros fumados num dia. A combustão resultante dessa
agressão térmica gera partículas de oxigênio, os chamados radicais livres, que têm a capacidade de oxidar as
estruturas celulares, destruindo a base arquitetônica dos pulmões. Dizer que o cigarro faz mal para o pulmão é
apenas parte da verdade. O cigarro lesa as vias respiratórias inteirinhas. O revestimento interno do aparelho
respiratório não suporta a toxicidade nem a alta temperatura da fumaça e começa a sofrer um processo de
substituição de células. Além disso, a produção de muco aumenta muito. Por quê? Porque o muco funciona
como capa protetora do tecido epitelial que reveste as vias aéreas e pode ajudar a expelir os elementos irritantes
que foram inalados. Nos brônquios, a fumaça também provoca uma reação inflamatória que provoca destruição
progressiva da árvore brônquica. Portanto, já no dia em que o adolescente começa a fumar, e não tardiamente
como muitos pensam, a integridade do aparelho respiratório fica comprometida por duas razões:</br>
- destruição dos alvéolos, o que caracteriza uma doença chamada enfisema pulmonar;</br>
- mudança da composição do revestimento dos brônquios, o que acaba levando à doença conhecida como
bronquite.</p>","No texto, não foram citados todos os órgãos componentes do sistema respiratório e também não está descrito
o trajeto da fumaça (e do ar) nesse sistema. A alternativa com a sequência CORRETA da fumaça (e do ar), pelos
órgãos componentes do sistema respiratório é:","Narinas, laringe, faringe, traqueia, bronquíolos, brônquios, alvéolos pulmonares.","Narinas, faringe, brônquios, bronquíolos, traqueia, laringe, alvéolos pulmonares.","Narinas, faringe, bronquíolos, brônquios, laringe, traqueia, alvéolos pulmonares.","Narinas, traqueia, brônquios, bronquíolos, faringe, laringe, alvéolos pulmonares.","Narinas, faringe, laringe, traqueia, brônquios, bronquíolos, alvéolos pulmonares.",e,,Cotuca,2010,"8, 7",H,3,"enfisema pulmonar, interpretação, dependência nicotina, drauzio varella, sistema respiratório"
Mupi,N,"<p>Um quarteto de pesquisadores chineses apresenta um fóssil que sugere que os primeiros dinossauros
eram criaturas emplumadas. O animal, batizado <em>Tianyulong confuciusi</em>, habitou a Província de Liaoning (nordeste
da China) há cerca de 144 milhões de anos. Ele tinha o dorso coberto de cerdas grossas parecidas com penas,
chamadas de ""protopenas"" pelos cientistas. Até agora, a presença de penas e protopenas só havia sido
confirmada em um grupo de dinos, os pequenos terápodes (carnívoros bípedes), considerados os ancestrais das
aves. Os especialistas supunham que as penas tivessem surgido para isolamento térmico nos pequenos
terópodes. Esses animais predadores eram muito ativos. Como não tinham o metabolismo lento dos lagartos, não
podiam se dar ao luxo de perder calor depressa. Só depois elas teriam sido adaptadas para o voo das aves.</p>
<p></small>(ANGELO, C. Novo dinossauro chinês recua origem das penas. Disponível em:
http://tools.folha.com.br/print?site=emcimadahora&url=http%3A%2F%2Fwww1.folh
a.uol.com.br%2Ffolha%2Fciencia%2Fult306u537176.shtml. Adaptado)</small></p>","<p>Leia o trecho da reportagem publicada recentemente a respeito de fósseis:</p>
<p>Analise as proposições a seguir:</p>
<p>I – O isolamento térmico é um recurso importante para impedir a perda de calor do corpo, mantendo o
ritmo do metabolismo.</br>
II – Considera-se que as aves conhecidas atualmente são descendentes de determinado grupo de dinos,
os terápodes.</br>
III – A função primordial das penas é o voo, e adaptações posteriores permitiram que elas também
tivessem a função de isolante térmico.</p>
<p>Assinale a alternativa CORRETA.</p>",Apenas I e II são verdadeiras.,Todas são verdadeiras.,Todas são falsas.,Apenas II e III são verdadeiras.,Apenas I e III são falsas.,a,,Cotuca,2010,"8, 7",H,3,"interpretação, reino animal, história evolutiva, origem"
Mupi,N,"<p>Os insetos ocupam lugar de destaque nos processos de polinização e, entre eles, as abelhas são os mais
estudados e conhecidos transportadores do pólen – estrutrura na qual está o gameta vegetal masculino.</p>
<p>As plantas entomófilas são aquelas cujo processo de polinização depende dos insetos, e as abelhas
silvestres constituem os mais importantes polinizadores de plantas entomófilas tropicais. Há pesquisas que
comprovam a existência de grande interação entre certas espécies de abelhas e determinadas plantas.</p>
<p>Estudos indicam ainda que tanto as abelhas como a flora associada podem vir a ter suas populações
afetadas pelo impacto da ação humana, que tem alterado profundamente o ambiente em que tais populações
vivem. Dentre as consequências constatadas, algumas espécies de abelhas são levadas à extinção, o que pode
afetar diretamente muitas populações de plantas.</p>

<p><small>(LENZI, M.; ORTH, A.I.; LAROCA, S. Associação das abelhas silvestres (Hym., Apoidea) visitantes das flores
de Schinusterebinthifolius (Anacardiaceae), na Ilha de Santa Catarina (sul do Brasil). Acta Biol. Par. Curitiba,
32 (1, 2, 3, 4): 107-127. 2003. Adaptado.)</small></p>","Sobre a relação entre insetos e reprodução dos vegetais, é CORRETO dizer que:","As abelhas são os únicos polinizadores de plantas entomófilas tropicais e delas depende a
permanência das espécies vegetais no ambiente.","A polinização por insetos é uma das etapas do processo de reprodução dos vegetais e consiste na
disseminação de sementes no ambiente, gerando novas plantas.","A extinção de espécies de abelhas não compromete a reprodução de determinados vegetais, porque
qualquer outro inseto desempenha a mesma função.","As abelhas que transportam grãos de pólen até o estigma das flores, também podem levar o gameta
feminino até o masculino, garantindo a fecundação.","Os insetos polinizadores transportam pólen dos órgãos reprodutores masculinos até os órgãos
reprodutores femininos de plantas da mesma espécie.",e,,Cotuca,2010,"8, 7",M,3,"interpretação, plantas"
Mupi,N,"<p>Os insetos ocupam lugar de destaque nos processos de polinização e, entre eles, as abelhas são os mais
estudados e conhecidos transportadores do pólen – estrutrura na qual está o gameta vegetal masculino.</p>
<p>As plantas entomófilas são aquelas cujo processo de polinização depende dos insetos, e as abelhas
silvestres constituem os mais importantes polinizadores de plantas entomófilas tropicais. Há pesquisas que
comprovam a existência de grande interação entre certas espécies de abelhas e determinadas plantas.</p>
<p>Estudos indicam ainda que tanto as abelhas como a flora associada podem vir a ter suas populações
afetadas pelo impacto da ação humana, que tem alterado profundamente o ambiente em que tais populações
vivem. Dentre as consequências constatadas, algumas espécies de abelhas são levadas à extinção, o que pode
afetar diretamente muitas populações de plantas.</p>

<p><small>(LENZI, M.; ORTH, A.I.; LAROCA, S. Associação das abelhas silvestres (Hym., Apoidea) visitantes das flores
de Schinusterebinthifolius (Anacardiaceae), na Ilha de Santa Catarina (sul do Brasil). Acta Biol. Par. Curitiba,
32 (1, 2, 3, 4): 107-127. 2003. Adaptado.)</small></p>","Qual das alternativas a seguir explica, CORRETAMENTE, o que pode ocorrer depois que o grão de pólen
chegar ao sistema reprodutor feminino da flor?","O encontro do gameta masculino com o feminino só acontece quando o grão de pólen atingir a
semente, situada no ovário.","Após o encontro do gameta masculino com o feminino, será formada uma nova estrutura, que recebe o
nome de ovário.","Após a fecundação, o gameta feminino, localizado na semente, dará origem a uma nova estrutura, que
recebe o nome de fruto.","Após a fecundação, com o desenvolvimento do ovário da flor, será formada uma estrutura, que recebe
o nome de fruto.","O encontro do gameta masculino com o feminino acontece em qualquer parte da flor, dependendo de
onde o pólen cair.",d,,Cotuca,2010,"8, 7",H,3,"interpretação, plantas, reprodução"
Mupi,N,"<p><strong>ATENÇÃO: Foi mantida a grafia original do texto, escrito em São Vicente, que é a última povoação dos Portugueses na
Índia Brasilica voltada para o Sul, no ano do Senhor 1560, no fim do mês de Maio. O minimo da Companhia de Jesus.</strong></p>
<p><em>
“[...]Ha um certo peixe, a que chamamos boi marinho, os Indios o denominam iguaragua, frequente na
Capitania do Espirito Santo e em outras localidades para o norte, onde o frio ou não é tão rigoroso,ou
é algum tanto diminuto e menos que entre nós; é êste peixe de um tamanho imenso; alimenta-se de
ervas como o indicam as gramas mastigadas prêsas nas rochas banhadas por mangues.</br>
Excede ao boi na corpulencia; é coberto de uma péle dura,assemelhando-se na côr á do elefante;
tem junto aos peitos uns como dois braços, com que nada, e embaixo deles têtas com que, aleita os
proprios filhos; tem a bôca inteiramente semelhante á do boi. É excelente para comer-se, não
saberias porém discernir se deve ser considerado como carne ou antes como peixe: da sua gordura,
que está inerente á péle e mòrmente em tôrno da cauda, levada ao fogo faz-se um môlho, que pode
bem comparar-se á manteiga, e não sei se a excederá; o seu oleo serve para temperar todas as
comidas: a todo o seu corpo é cheio de ossos solidos e durissimos, tais que podem fazer as vezes de
marfim.”</em></p>

<p><small>(Fonte: http://www.rbma.org.br/rbma/rbma_7_cadernos.asp)</small></p>","<p>Sobre o animal descrito no texto, analise as seguintes proposições:</p>
<p>I. Trata-se de um vertebrado da classe dos peixes, já que é aquático, nadador e tem cauda.</br>
II. O peixe-boi é um mamífero, o que se justifica pela presença de glândulas mamárias, estrutura exclusiva
de mamíferos.</br>
III. A gordura do animal citado corresponde ao tecido adiposo, característico dos seres homeotérmicos,
como os peixes.</p>
<p>Podemos afirmar que:</p>","I e II estão
corretas.","II e III estão
corretas.","I e III estão
corretas.","Apenas II é
correta.","Apenas III é
correta.",d,,Cotuca,2010,"8, 7",H,3,"reino animal, interpretação, brasil colônia "
Mupi,,,"<p>Nos sistemas apresentados, as bolinhas representam átomos, segundo o modelo atômico de Dalton. Esse modelo sugere que átomos são esferas maciças e que átomos diferentes pertencem a elementos químicos
diferentes. Analisando os sistemas I, II e III, assinale a alternativa INCORRETA.</p>

<p class=""text-center""><img src=""https://s3.us-east-2.amazonaws.com/masteraula/images/question_images/cotuca-2010/img028.png""/></p>",O sistema II possui maior quantidade de elementos químicos.,O sistema I possui maior quantidade de moléculas.,O sistema III possui uma substância química pura.,O sistema III possui três substâncias químicas.,O sistema I possui três substâncias químicas.,d,,Cotuca,2010,"10, 7",M,3,teoria atômica
Mupi,,,"<p>No estudo das substâncias químicas e suas transformações, a medida das massas dos componentes de uma reação revelou-se de grande importância. Através dessas determinações, os cientistas elaboraram conclusões
sobre as diversas relações ponderais e a composição das substâncias. A tabela abaixo traz o resultado de três experimentos correspondentes à reação entre óxido de cálcio e água. Assinale a alternativa que completa, CORRETAMENTE, a tabela.</p>

<p class=""text-center""><img src=""https://s3.us-east-2.amazonaws.com/masteraula/images/question_images/cotuca-2010/img029.png""/></p>","X = 65 g ; Y = 28,8 g ; Z = 38,0 g ; W = 2,0 g","X = 18 g ; Y = 28,8 g ; Z = 2,22 g ; W = 0,54 g","X = 65 g ; Y = 168 g ; Z = 22,2 g ; W = 0,54 g","X = 6,5 g ; Y = 16,8 g ; Z = 38,0 g ; W = 2,0 g","X = 18 g ; Y = 168 g ; Z = 222 g ; W = 0,54 g",e,,Cotuca,2010,"10, 7",H,3,"equação química, lei conservação massa"
Mupi,,,"<p>A classificação periódica é um trabalho que resultou de estudos e descobertas de diversos cientistas na História da Ciência. Na tabela periódica moderna, os elementos químicos estão colocados em ordem crescente
de número atômico, respeitando as características e propriedades químicas das famílias (linhas verticais). Com base nas características das famílias dos elementos químicos representados, assinale a alternativa
CORRETA.</p>

<p class=""text-center""><img src=""https://s3.us-east-2.amazonaws.com/masteraula/images/question_images/cotuca-2010/img030.png""/></p>",A substância formada pelos elementos H e C é a molécula CH<sub>4<sub> e sua ligação iônica.,A substância formada pelos elementos C e Cl é a molécula CCl<sub>2</sub> e sua ligação iônica.,A substância formada pelos elementos C e Cl é a molécula CCl<sub>4</sub> e sua ligação covalente.,A substância formada pelos elementos Mg e Cl é o composto MgCl e sua ligação iônica.,A substância formada pelos elementos Mg e Cl é o composto MgCl<sub>2</sub> e sua ligação covalente.,c,,Cotuca,2010,"10, 7",H,3,