Autor,Objeto (Ã© imagem)?,Objeto,Enunciado,Alternativa a,Alternativa b,Alternativa c,Alternativa d,Alternativa e,Resposta,ResoluÃ§Ã£o (caso discursiva),Origem (Fonte),Ano,"Disciplinas  
(Separadas por vÃ­rgula)",Grau de dificuldade,NÃ­vel de Ensino,"Tags 
(Separadas por vÃ­rgula)"
Mupi,n,"<p> <strong>â€œTODO MUNDO, ALGUÃ‰M, QUALQUER UM e NINGUÃ‰Mâ€  </strong></p>
<p>Era
 uma vez quatro pessoas que se chamavam TODO MUNDO, ALGUÃ‰M, QUALQUER UM e
 NINGUÃ‰M. Havia um importante trabalho a ser feito e TODO MUNDO 
acreditava que ALGUEM Ã© que iria executÃ¡-lo. </br>
QUALQUER UM 
poderia fazÃª-lo, mas NINGUÃ‰M o fez. ALGUÃ‰M ficou aborrecido com isso, 
porque entendia que a execuÃ§Ã£o do trabalho era responsabilidade de TODO 
MUNDO. TODO MUNDO pensou que QUALQUER UM poderia executÃ¡-lo, mas NINGUÃ‰M
 imaginou que TODO MUNDO nÃ£o o faria. </br>
TODO MUNDO culpou ALGUÃ‰M, quando NINGUÃ‰M fez o que QUALQUER UM poderia ter feito!  </p>
<p> <small> (Texto extraÃ­do do livro â€œO que Podemos Aprender com os Gansosâ€, 7Âª EdiÃ§Ã£o,pg 178. Autor: Alexandre Rangel)  <aÂ href=""https://3dmar.wordpress.com/2012/05/21/todo-mundo-alguem-qualquer-um-e-ninguem/"">https://3dmar.wordpress.com/2012/05/21/todo-mundo-alguem-qualquer-um-e-ninguem/</a> </small></p>",Os nomes das personagens desse texto sÃ£o pronomes indefinidos ou locuÃ§Ãµes pronominais indefinidas que dÃ£o sentido vago ou expressam quantidade indeterminada. Pode-se entender que a escolha desses nomes foi uma opÃ§Ã£o interessante para enriquecer os significados do texto. Por que o autor teria nomeado as  personagens com pronomes indefinidos?,Para generalizar comportamentos comuns a muitas pessoas nas mais variadas situaÃ§Ãµes.,Para preservar a identidade de pessoas que seriam reconhecidas entre os amigos dos leitores.,Para nÃ£o ser grosseiro e lanÃ§ar mÃ£o de um recurso gramatical para enfeitar seu texto.,Para destacar que os nomes das personagens nÃ£o combinariam com seu comportamento,Para indicar pessoas cuja identidade Ã© conhecida ou nÃ£o se quer revelar.,a,,Cotil,2016,2,e,3,
Mupi,n,"<p> <strong>â€œTODO MUNDO, ALGUÃ‰M, QUALQUER UM e NINGUÃ‰Mâ€  </strong></p>
<p>Era
 uma vez quatro pessoas que se chamavam TODO MUNDO, ALGUÃ‰M, QUALQUER UM e
 NINGUÃ‰M. Havia um importante trabalho a ser feito e TODO MUNDO 
acreditava que ALGUEM Ã© que iria executÃ¡-lo. </br>
QUALQUER UM 
poderia fazÃª-lo, mas NINGUÃ‰M o fez. ALGUÃ‰M ficou aborrecido com isso, 
porque entendia que a execuÃ§Ã£o do trabalho era responsabilidade de TODO 
MUNDO. TODO MUNDO pensou que QUALQUER UM poderia executÃ¡-lo, mas NINGUÃ‰M
 imaginou que TODO MUNDO nÃ£o o faria. </br>
TODO MUNDO culpou ALGUÃ‰M, quando NINGUÃ‰M fez o que QUALQUER UM poderia ter feito!  </p>
<p>
 <small> (Texto extraÃ­do do livro â€œO que Podemos Aprender com os 
Gansosâ€, 7Âª EdiÃ§Ã£o,pg 178. Autor: Alexandre Rangel)  
<aÂ href=""https://3dmar.wordpress.com/2012/05/21/todo-mundo-alguem-qualquer-um-e-ninguem/"">https://3dmar.wordpress.com/2012/05/21/todo-mundo-alguem-qualquer-um-e-ninguem/</a>
 </small></p>","Na oraÃ§Ã£o do 2Âº parÃ¡grafo â€œALGUÃ‰M ficou aborrecido com <strong> isso </strong>.â€, a palavra destacada retoma uma ideia anteriormente expressa, a saber:",que Todo Mundo acreditava em AlguÃ©m.,que havia um trabalho a ser executado.,que Todo Mundo acreditava em NinguÃ©m e em AlguÃ©m.,que Qualquer Um poderia ter feito o trabalho.,"que havia um importante trabalho a ser feito, mas ninguÃ©m o fez.",e,,Cotil,2016,2,m,3,
Mupi,n,"<p> <strong>â€œTODO MUNDO, ALGUÃ‰M, QUALQUER UM e NINGUÃ‰Mâ€  </strong></p>
<p>Era
 uma vez quatro pessoas que se chamavam TODO MUNDO, ALGUÃ‰M, QUALQUER UM e
 NINGUÃ‰M. Havia um importante trabalho a ser feito e TODO MUNDO 
acreditava que ALGUEM Ã© que iria executÃ¡-lo. </br>
QUALQUER UM 
poderia fazÃª-lo, mas NINGUÃ‰M o fez. ALGUÃ‰M ficou aborrecido com isso, 
porque entendia que a execuÃ§Ã£o do trabalho era responsabilidade de TODO 
MUNDO. TODO MUNDO pensou que QUALQUER UM poderia executÃ¡-lo, mas NINGUÃ‰M
 imaginou que TODO MUNDO nÃ£o o faria. </br>
TODO MUNDO culpou ALGUÃ‰M, quando NINGUÃ‰M fez o que QUALQUER UM poderia ter feito!  </p>
<p>
 <small> (Texto extraÃ­do do livro â€œO que Podemos Aprender com os 
Gansosâ€, 7Âª EdiÃ§Ã£o,pg 178. Autor: Alexandre Rangel)  
<aÂ href=""https://3dmar.wordpress.com/2012/05/21/todo-mundo-alguem-qualquer-um-e-ninguem/"">https://3dmar.wordpress.com/2012/05/21/todo-mundo-alguem-qualquer-um-e-ninguem/</a>
 </small></p>","<p> â€œTODO MUNDO culpou ALGUÃ‰M, quando NINGUÃ‰M fez o que QUALQUER UM poderia ter feito!â€ </p>
<p>Nesse perÃ­odo, encontramos: </p>",um pronome demonstrativo (â€œoâ€) que Ã© objeto direto da forma verbal â€œfezâ€.,trÃªs oraÃ§Ãµes coordenadas â€“ a terceira Ã© coordenada sindÃ©tica explicativa.,uma oraÃ§Ã£o principal e duas oraÃ§Ãµes subordinadas adverbiais.,uma conjunÃ§Ã£o integrante (â€œqueâ€) a ligar duas oraÃ§Ãµes.,os pronomes â€œalguÃ©mâ€ e â€œninguÃ©mâ€ exercendo a mesma funÃ§Ã£o em relaÃ§Ã£o aos verbos de suas oraÃ§Ãµes.,a,,Cotil,2016,2,m,3,
Mupi,n,"<p> <strong>â€œTODO MUNDO, ALGUÃ‰M, QUALQUER UM e NINGUÃ‰Mâ€  </strong></p>
<p>Era
 uma vez quatro pessoas que se chamavam TODO MUNDO, ALGUÃ‰M, QUALQUER UM e
 NINGUÃ‰M. Havia um importante trabalho a ser feito e TODO MUNDO 
acreditava que ALGUEM Ã© que iria executÃ¡-lo. </br>
QUALQUER UM 
poderia fazÃª-lo, mas NINGUÃ‰M o fez. ALGUÃ‰M ficou aborrecido com isso, 
porque entendia que a execuÃ§Ã£o do trabalho era responsabilidade de TODO 
MUNDO. TODO MUNDO pensou que QUALQUER UM poderia executÃ¡-lo, mas NINGUÃ‰M
 imaginou que TODO MUNDO nÃ£o o faria. </br>
TODO MUNDO culpou ALGUÃ‰M, quando NINGUÃ‰M fez o que QUALQUER UM poderia ter feito!  </p>
<p>
 <small> (Texto extraÃ­do do livro â€œO que Podemos Aprender com os 
Gansosâ€, 7Âª EdiÃ§Ã£o,pg 178. Autor: Alexandre Rangel)  
<aÂ href=""https://3dmar.wordpress.com/2012/05/21/todo-mundo-alguem-qualquer-um-e-ninguem/"">https://3dmar.wordpress.com/2012/05/21/todo-mundo-alguem-qualquer-um-e-ninguem/</a>
 </small></p>","Na opiniÃ£o de AlguÃ©m, a responsabilidade",Ã© resultado do desejo de todo mundo.,Ã© obrigaÃ§Ã£o de qualquer pessoa.,Ã© incÃ´modo com o qual todos se preocupam.,pode ser praticada sem dificuldade.,Ã© almejada por todas as pessoas.,b,,Cotil,2016,2,e,3,
Mupi,n,"<p> <strong>â€œTODO MUNDO, ALGUÃ‰M, QUALQUER UM e NINGUÃ‰Mâ€  </strong></p>
<p>Era
 uma vez quatro pessoas que se chamavam TODO MUNDO, ALGUÃ‰M, QUALQUER UM e
 NINGUÃ‰M. Havia um importante trabalho a ser feito e TODO MUNDO 
acreditava que ALGUEM Ã© que iria executÃ¡-lo. </br>
QUALQUER UM 
poderia fazÃª-lo, mas NINGUÃ‰M o fez. ALGUÃ‰M ficou aborrecido com isso, 
porque entendia que a execuÃ§Ã£o do trabalho era responsabilidade de TODO 
MUNDO. TODO MUNDO pensou que QUALQUER UM poderia executÃ¡-lo, mas NINGUÃ‰M
 imaginou que TODO MUNDO nÃ£o o faria. </br>
TODO MUNDO culpou ALGUÃ‰M, quando NINGUÃ‰M fez o que QUALQUER UM poderia ter feito!  </p>
<p>
 <small> (Texto extraÃ­do do livro â€œO que Podemos Aprender com os 
Gansosâ€, 7Âª EdiÃ§Ã£o,pg 178. Autor: Alexandre Rangel)  
<aÂ href=""https://3dmar.wordpress.com/2012/05/21/todo-mundo-alguem-qualquer-um-e-ninguem/"">https://3dmar.wordpress.com/2012/05/21/todo-mundo-alguem-qualquer-um-e-ninguem/</a>
 </small></p>","Ao reescrever a frase â€œTodo mundo culpou alguÃ©mâ€, empregando os diferentes porquÃªs, sÃ³ nÃ£o estÃ¡ correto:",Por que TODO MUNDO culpou ALGUÃ‰M?,Quero saber por que TODO MUNDO culpou ALGUÃ‰M.,Quero saber por quÃª TODO MUNDO culpou ALGUÃ‰M.,Todo mundo culpou ALGUÃ‰M por quÃª?,Quero saber o porquÃª de TODO MUNDO ter culpado alguÃ©m.,c,,Cotil,2016,2,h,3,
Mupi,n,"<p> <strong> â€œConclusÃµes de Aninhaâ€, de Cora Coralina </strong> </p>
<p> Estavam ali parados. Marido e mulher. </br>
Esperavam o carro. E foi que veio aquela da roÃ§a </br>
tÃ­mida, humilde, sofrida. </br>
Contou que o fogo, lÃ¡ longe, tinha queimado seu rancho, </br>
e tudo que tinha dentro. </br>
Estava ali no comÃ©rcio pedindo um auxÃ­lio para levantar </br>
novo rancho e comprar suas pobrezinhas. </p>
<p>O homem ouviu. Abriu a carteira, tirou uma cÃ©dula, </br>
entregou sem palavra. </br>
A mulher ouviu. Perguntou, indagou, especulou, aconselhou, </br>
se comoveu e disse que Nossa Senhora havia de ajudar </br>
E nÃ£o abriu a bolsa. </br>
Qual dos dois ajudou mais? </p>
<p> Donde se infere que o homem ajuda sem participar </br>
e a mulher participa sem ajudar. </br>
Da mesma forma aquela sentenÃ§a: </br>
""A quem te pedir um peixe, dÃ¡ uma vara de pescar."" </br>
Pensando bem, nÃ£o sÃ³ a vara de pescar, tambÃ©m a linhada, </br>
o anzol, a chumbada, a isca, apontar um poÃ§o piscoso </br>
e ensinar a paciÃªncia do pescador. </br>
VocÃª faria isso, Leitor? </br>
Antes que tudo isso se fizesse </br>
o desvalido nÃ£o morreria de fome? </br>
ConclusÃ£o: </br>
Na prÃ¡tica, a teoria Ã© outra. </p>
<p> <small>  <aÂ href=""http://www.releituras.com/coracoralina_aninha.asp"">http://www.releituras.com/coracoralina_aninha.asp</a>
 </small></p> ",A Ãºltima estrofe do poema questiona qual a melhor aÃ§Ã£o a se fazer em benefÃ­cio de quem tem necessidade. Assinale a alternativa que interpreta erradamente essa estrofe.,Quem quer ajudar verdadeiramente nÃ£o mede esforÃ§os.,"Pouco vale oferecer sÃ³ a vara de pescar, se essa atividade exige muito mais apetrechos.","Essa estrofe corresponde ao dito popular: â€œFaÃ§a o que eu digo,  nÃ£o faÃ§a o que eu faÃ§oâ€.",Uma aÃ§Ã£o simples pode nÃ£o ser a soluÃ§Ã£o de um problema que requer medidas mais complexas.,Planejamentos teÃ³ricos sofrem alteraÃ§Ãµes ao serem realizados.,c,,Cotil,2016,2,e,3,
Mupi,n,"<p> <strong> â€œConclusÃµes de Aninhaâ€, de Cora Coralina </strong> </p>
<p> Estavam ali parados. Marido e mulher. </br>
Esperavam o carro. E foi que veio aquela da roÃ§a </br>
tÃ­mida, humilde, sofrida. </br>
Contou que o fogo, lÃ¡ longe, tinha queimado seu rancho, </br>
e tudo que tinha dentro. </br>
Estava ali no comÃ©rcio pedindo um auxÃ­lio para levantar </br>
novo rancho e comprar suas pobrezinhas. </p>
<p>O homem ouviu. Abriu a carteira, tirou uma cÃ©dula, </br>
entregou sem palavra. </br>
A mulher ouviu. Perguntou, indagou, especulou, aconselhou, </br>
se comoveu e disse que Nossa Senhora havia de ajudar </br>
E nÃ£o abriu a bolsa. </br>
Qual dos dois ajudou mais? </p>
<p> Donde se infere que o homem ajuda sem participar </br>
e a mulher participa sem ajudar. </br>
Da mesma forma aquela sentenÃ§a: </br>
""A quem te pedir um peixe, dÃ¡ uma vara de pescar."" </br>
Pensando bem, nÃ£o sÃ³ a vara de pescar, tambÃ©m a linhada, </br>
o anzol, a chumbada, a isca, apontar um poÃ§o piscoso </br>
e ensinar a paciÃªncia do pescador. </br>
VocÃª faria isso, Leitor? </br>
Antes que tudo isso se fizesse </br>
o desvalido nÃ£o morreria de fome? </br>
ConclusÃ£o: </br>
Na prÃ¡tica, a teoria Ã© outra. </p>
<p> <small>  <aÂ href=""http://www.releituras.com/coracoralina_aninha.asp"">http://www.releituras.com/coracoralina_aninha.asp</a>
 </small></p> ",Que versos estabelecem direta relaÃ§Ã£o entre si?,"""A quem te pedir um peixe, dÃ¡ uma vara de pescar."" / â€œNa prÃ¡tica, a teoria Ã© outra.â€",â€œO homem ouviuâ€ / â€œO homem ajuda sem participar.â€,"â€œ Estava ali no comÃ©rcio pedindo um auxÃ­lioâ€ / â€œ VocÃª faria isso, Leitor?â€",â€œ...disse que Nossa Senhora havia de ajudarâ€ / â€œensinar a paciÃªncia do pescador.â€,â€œa mulher participa sem ajudar.â€ / â€œdisse que Nossa Senhora havia de ajudarâ€,a,,Cotil,2016,2,m,3,
Mupi,n,"<p> <strong> â€œO Pequeno PrÃ­ncipeâ€, de A. Saint-Exupery </strong> </p>
<p>-â€“ Bom dia, disse a raposa. </br>
-â€“ Bom dia, respondeu polidamente o principezinho que se voltou mas nÃ£o viu nada. </br>
-â€“ Eu estou aqui, disse a voz, debaixo da macieira... </br>
-â€“ Quem Ã©s tu? perguntou o principezinho. Tu Ã©s bem bonita. </br>
-â€“ Sou uma raposa, disse a raposa. </br>
-â€“ Vem brincar comigo, propÃ´s o prÃ­ncipe, estou tÃ£o triste... </br>
-â€“ Eu nÃ£o posso brincar contigo, disse a raposa. NÃ£o me cativaram ainda. </br>
-â€“ Ah! Desculpa, disse o principezinho. </br>
 ApÃ³s uma reflexÃ£o, acrescentou: </br>
-â€“ O que quer dizer cativar? </br>
-â€“ Tu nÃ£o Ã©s daqui, disse a raposa. Que procuras? </br>
-â€“ Procuro amigos, disse. Que quer dizer cativar? </br>
-â€“ Ã‰ uma coisa muito esquecida, disse a raposa. Significa criar laÃ§os... </br>
-â€“ Criar laÃ§os? </br>
-â€“ Exatamente, disse a raposa. Tu nÃ£o Ã©s para mim senÃ£o um garoto inteiramente igual a cem mil outros garotos. E eu nÃ£o tenho necessidade de ti. E tu nÃ£o tens necessidade de mim. Mas, se tu me cativas, nÃ³s teremos necessidade um do outro. SerÃ¡s para mim o Ãºnico no mundo. E eu serei para ti a Ãºnica no mundo... Mas a raposa voltou a  sua ideia: </br>
-â€“ Minha vida Ã© monÃ³tona. E por isso eu me aborreÃ§o um pouco. Mas se tu me cativas, minha vida serÃ¡ como que cheia de sol. Conhecerei o barulho de passos que serÃ¡ diferente dos outros. Os outros me fazem entrar debaixo da terra. O teu me chamarÃ¡ para fora como mÃºsica. E depois, olha! VÃªs, lÃ¡ longe, o campo de trigo? Eu nÃ£o como pÃ£o. O trigo para mim Ã© inÃºtil. Os campos de trigo nÃ£o me lembram coisa alguma. E isso Ã© triste! Mas tu tens cabelo cor de ouro. E entÃ£o serÃ¡ maravilhoso quando me tiverdes cativado. O trigo que Ã© dourado farÃ¡ lembrar-me de ti. E eu amarei o barulho do vento no trigo... </br>
A raposa entÃ£o calou-se e considerou muito tempo o prÃ­ncipe: </br>
-â€“ Por favor, cativa-me! disse ela. </br>
-â€“ Bem quisera, disse o prÃ­ncipe, mas eu nÃ£o tenho tempo. Tenho amigos a descobrir e  mundos a conhecer. </br>
-â€“ A gente sÃ³ conhece bem as coisas que cativou, disse a raposa. Os homens nÃ£o tÃªm tempo de conhecer coisa alguma. Compram tudo prontinho nas lojas. Mas como nÃ£o existem lojas de amigos, os homens nÃ£o tÃªm mais amigos. Se tu queres uma amiga, cativa-me! Os homens esqueceram essa verdade, disse a raposa. Mas tu nÃ£o a deves esquecer. Tu te tornas eternamente responsÃ¡vel por aquilo que cativas.""   </p>
<p> <small>  
<aÂ href=""http://www.miniweb.com.br/cantinho/infantil/38/Estorias_miniweb/pequeno_principe.html"">http://www.miniweb.com.br/cantinho/infantil/38/Estorias_miniweb/pequeno_principe.html</a>
 </small></p>","<p> Com base na sua compreensÃ£o sobre o texto, complete com <strong> ( C ) </strong> para correto e <strong>( E )</strong> para errado. </p>
<p>(   ) O prÃ­ncipe sabe muito bem o que Ã© cativar. </br>
(   ) Cativar lembra cativeiro, por isso tem sentido negativo. </br>
(   ) O trigo para a raposa Ã© muito Ãºtil e ela achava isso muito importante e amava o vento no trigo. </br>
(   ) O prÃ­ncipe estÃ¡ procurando amigos. </p>
<p>Agora, marque a sequÃªncia correta:</p>",C â€“ C â€“ C â€“ C,E â€“ E â€“ E â€“ E,E â€“ E â€“ C â€“ C,C â€“ E â€“ E â€“ C,E â€“ E â€“ E â€“ C,e,,Cotil,2016,2,e,3,
Mupi,n,"<p> <strong> â€œO Pequeno PrÃ­ncipeâ€, de A. Saint-Exupery </strong> </p>
<p>-â€“ Bom dia, disse a raposa. </br>
-â€“ Bom dia, respondeu polidamente o principezinho que se voltou mas nÃ£o viu nada. </br>
-â€“ Eu estou aqui, disse a voz, debaixo da macieira... </br>
-â€“ Quem Ã©s tu? perguntou o principezinho. Tu Ã©s bem bonita. </br>
-â€“ Sou uma raposa, disse a raposa. </br>
-â€“ Vem brincar comigo, propÃ´s o prÃ­ncipe, estou tÃ£o triste... </br>
-â€“ Eu nÃ£o posso brincar contigo, disse a raposa. NÃ£o me cativaram ainda. </br>
-â€“ Ah! Desculpa, disse o principezinho. </br>
 ApÃ³s uma reflexÃ£o, acrescentou: </br>
-â€“ O que quer dizer cativar? </br>
-â€“ Tu nÃ£o Ã©s daqui, disse a raposa. Que procuras? </br>
-â€“ Procuro amigos, disse. Que quer dizer cativar? </br>
-â€“ Ã‰ uma coisa muito esquecida, disse a raposa. Significa criar laÃ§os... </br>
-â€“ Criar laÃ§os? </br>
-â€“
 Exatamente, disse a raposa. Tu nÃ£o Ã©s para mim senÃ£o um garoto 
inteiramente igual a cem mil outros garotos. E eu nÃ£o tenho necessidade 
de ti. E tu nÃ£o tens necessidade de mim. Mas, se tu me cativas, nÃ³s 
teremos necessidade um do outro. SerÃ¡s para mim o Ãºnico no mundo. E eu 
serei para ti a Ãºnica no mundo... Mas a raposa voltou a  sua ideia: 
</br>
-â€“ Minha vida Ã© monÃ³tona. E por isso eu me aborreÃ§o um 
pouco. Mas se tu me cativas, minha vida serÃ¡ como que cheia de sol. 
Conhecerei o barulho de passos que serÃ¡ diferente dos outros. Os outros 
me fazem entrar debaixo da terra. O teu me chamarÃ¡ para fora como 
mÃºsica. E depois, olha! VÃªs, lÃ¡ longe, o campo de trigo? Eu nÃ£o como 
pÃ£o. O trigo para mim Ã© inÃºtil. Os campos de trigo nÃ£o me lembram coisa 
alguma. E isso Ã© triste! Mas tu tens cabelo cor de ouro. E entÃ£o serÃ¡ 
maravilhoso quando me tiverdes cativado. O trigo que Ã© dourado farÃ¡ 
lembrar-me de ti. E eu amarei o barulho do vento no trigo... </br>
A raposa entÃ£o calou-se e considerou muito tempo o prÃ­ncipe: </br>
-â€“ Por favor, cativa-me! disse ela. </br>
-â€“ Bem quisera, disse o prÃ­ncipe, mas eu nÃ£o tenho tempo. Tenho amigos a descobrir e  mundos a conhecer. </br>
-â€“
 A gente sÃ³ conhece bem as coisas que cativou, disse a raposa. Os homens
 nÃ£o tÃªm tempo de conhecer coisa alguma. Compram tudo prontinho nas 
lojas. Mas como nÃ£o existem lojas de amigos, os homens nÃ£o tÃªm mais 
amigos. Se tu queres uma amiga, cativa-me! Os homens esqueceram essa 
verdade, disse a raposa. Mas tu nÃ£o a deves esquecer. Tu te tornas 
eternamente responsÃ¡vel por aquilo que cativas.""   </p>
<p> <small>  
<aÂ href=""http://www.miniweb.com.br/cantinho/infantil/38/Estorias_miniweb/pequeno_principe.html"">http://www.miniweb.com.br/cantinho/infantil/38/Estorias_miniweb/pequeno_principe.html</a>
 </small></p>","Em â€œTu nÃ£o Ã©s para mim <strong> senÃ£o </strong> um garoto igual a cem mil outros garotosâ€, a palavra <strong> senÃ£o</strong> significa",como,a nÃ£o ser,se nÃ£o,nÃ£o,quase,a,,Cotil,2016,2,m,3,
Mupi,n,"<p> <strong> â€œO Pequeno PrÃ­ncipeâ€, de A. Saint-Exupery </strong> </p>
<p>-â€“ Bom dia, disse a raposa. </br>
-â€“ Bom dia, respondeu polidamente o principezinho que se voltou mas nÃ£o viu nada. </br>
-â€“ Eu estou aqui, disse a voz, debaixo da macieira... </br>
-â€“ Quem Ã©s tu? perguntou o principezinho. Tu Ã©s bem bonita. </br>
-â€“ Sou uma raposa, disse a raposa. </br>
-â€“ Vem brincar comigo, propÃ´s o prÃ­ncipe, estou tÃ£o triste... </br>
-â€“ Eu nÃ£o posso brincar contigo, disse a raposa. NÃ£o me cativaram ainda. </br>
-â€“ Ah! Desculpa, disse o principezinho. </br>
 ApÃ³s uma reflexÃ£o, acrescentou: </br>
-â€“ O que quer dizer cativar? </br>
-â€“ Tu nÃ£o Ã©s daqui, disse a raposa. Que procuras? </br>
-â€“ Procuro amigos, disse. Que quer dizer cativar? </br>
-â€“ Ã‰ uma coisa muito esquecida, disse a raposa. Significa criar laÃ§os... </br>
-â€“ Criar laÃ§os? </br>
-â€“
 Exatamente, disse a raposa. Tu nÃ£o Ã©s para mim senÃ£o um garoto 
inteiramente igual a cem mil outros garotos. E eu nÃ£o tenho necessidade 
de ti. E tu nÃ£o tens necessidade de mim. Mas, se tu me cativas, nÃ³s 
teremos necessidade um do outro. SerÃ¡s para mim o Ãºnico no mundo. E eu 
serei para ti a Ãºnica no mundo... Mas a raposa voltou a  sua ideia: 
</br>
-â€“ Minha vida Ã© monÃ³tona. E por isso eu me aborreÃ§o um 
pouco. Mas se tu me cativas, minha vida serÃ¡ como que cheia de sol. 
Conhecerei o barulho de passos que serÃ¡ diferente dos outros. Os outros 
me fazem entrar debaixo da terra. O teu me chamarÃ¡ para fora como 
mÃºsica. E depois, olha! VÃªs, lÃ¡ longe, o campo de trigo? Eu nÃ£o como 
pÃ£o. O trigo para mim Ã© inÃºtil. Os campos de trigo nÃ£o me lembram coisa 
alguma. E isso Ã© triste! Mas tu tens cabelo cor de ouro. E entÃ£o serÃ¡ 
maravilhoso quando me tiverdes cativado. O trigo que Ã© dourado farÃ¡ 
lembrar-me de ti. E eu amarei o barulho do vento no trigo... </br>
A raposa entÃ£o calou-se e considerou muito tempo o prÃ­ncipe: </br>
-â€“ Por favor, cativa-me! disse ela. </br>
-â€“ Bem quisera, disse o prÃ­ncipe, mas eu nÃ£o tenho tempo. Tenho amigos a descobrir e  mundos a conhecer. </br>
-â€“
 A gente sÃ³ conhece bem as coisas que cativou, disse a raposa. Os homens
 nÃ£o tÃªm tempo de conhecer coisa alguma. Compram tudo prontinho nas 
lojas. Mas como nÃ£o existem lojas de amigos, os homens nÃ£o tÃªm mais 
amigos. Se tu queres uma amiga, cativa-me! Os homens esqueceram essa 
verdade, disse a raposa. Mas tu nÃ£o a deves esquecer. Tu te tornas 
eternamente responsÃ¡vel por aquilo que cativas.""   </p>
<p> <small>  
<aÂ href=""http://www.miniweb.com.br/cantinho/infantil/38/Estorias_miniweb/pequeno_principe.html"">http://www.miniweb.com.br/cantinho/infantil/38/Estorias_miniweb/pequeno_principe.html</a>
 </small></p>","<p> Considere: </p>
<p>I. Passando â€œEu nÃ£o posso brincar contigo, disse a raposaâ€ para o discurso indireto, temos â€œA raposa disse que nÃ£o poderia brincar com eleâ€. </br>
II. Em â€œrespondeu polidamente o principezinhoâ€, polidamente Ã© uma palavra derivada por sufixaÃ§Ã£o. </br>
III. â€œEu estou aqui, disse a voz debaixo da macieiraâ€ dÃ¡ a entender que a raposa Ã© muito esperta e estava se escondendo do principezinho. </p>
<p>EstÃ¡(Ã£o) correta(s): </p>",Nenhuma.,"I, II e III.",I e III.,II e III.,I e II.,e,,Cotil,2016,2,m,3,
Mupi,s,cotil-2015/img001.png,"
<p><small><aÂ href=""http://tempreguicanao.blogspot.com/2011/06/historia-dos-tres-macacos-sabios.html"">http://tempreguicanao.blogspot.com/2011/06/historia-dos-tres-macacos-sabios.html</a> </small></p>
<p> Ao analisar a charge, entende-se que os macaquinhos caracterizam / demonstram, com seus gestos, </p>",irresponsabilidade / ironia,vaidade / irresponsabilidade,arrependimento / falta de compromisso,incorformismo / falta de compromisso.,comodismo / irreverÃªncia,d,,Cotil,2016,2,m,3,
Mupi,n,"<p> Entra governo, sai governo, um escÃ¢ndalo atrÃ¡s do outro, uma verdadeira afronta ao nÃ­vel de inteligÃªncia humana, sem o menor pudor. Apesar de tudo, nÃ£o existe culpado e quando alguÃ©m consegue encontrÃ¡-lo, sÃ£o necessÃ¡rios muitos anos para fazer valer o senso de justiÃ§a que, aliÃ¡s, anda escasso nos dias de hoje. </p>
<p> Pessoas com ausÃªncia de <strong> responsabilidade </strong> possuem as justificativas na ponta da lÃ­ngua. O discurso serÃ¡ colocado em prÃ¡tica ao menor sinal de perigo. NÃ£o Ã© comigo, eu fiz a minha parte, o problema sÃ£o os outros, aqui sempre foi assim, isso nÃ£o muda, no prÃ³ximo ano a gente vÃª como Ã© que faz, culpa do governo, nÃ£o hÃ¡  nada que eu possa fazer. Esses e outros jargÃµes sÃ£o tÃ­picos de quem nÃ£o assume a <strong>responsabilidade</strong>, sequer entende o conceito.</p>
<p> Culturas organizacionais com nÃ­vel reduzido ou nulo de <strong>responsabilidade</strong> fomentam o cinismo, a falta de confianÃ§a e o desperdÃ­cio de energia vital com manobras polÃ­ticas constantes na tentativa de se defender ou transferir a culpa. Nesse caso, perde-se o bom senso, a capacidade de aprendizagem, a esperanÃ§a de se reverter o caos. </p>
<p> A strong>falta de responsabilidade</strong> depende de vÃ¡rios fatores enraizados desde a mais tenra infÃ¢ncia: cultura familiar, relacionamentos, influÃªncia de pais e amigos, histÃ³ria pessoal, experiÃªncias negativas vivenciadas no passado. Embora nÃ£o seja difÃ­cil identificar os fatores, considero a â€œsÃ­ndrome da vÃ­timaâ€ o principal de todos. </p>
<p> Omitir-se, fazer-se de vÃ­tima, transferir a culpa sÃ£o armas de defesa dos fracos de espÃ­rito.  </p>
<p> Pessoas com baixo nÃ­vel de <strong>responsabilidade</strong> preferem se sentir insignificantes, dissimular, zoar, encontrar alguÃ©m para culpar em vez de exercitar a capacidade de assumir o controle sobre si mesmo e sobre suas aÃ§Ãµes.  </p>
<p> No fim da histÃ³ria, a culpa Ã© da sociedade, do pedestre atropelado, do menino assassinado, do eleitor mal informado, do paciente inconformado, do aluno despreparado, do professor mal remunerado, do infeliz desavisado. A culpa sÃ³ nÃ£o Ã© do culpado, portanto, quando o chefe inescrupuloso estiver do seu lado,  cuidado, vocÃª pode ser o prÃ³ximo culpado. Independentemente da idade, cultura, nÃ­vel de instruÃ§Ã£o e do meio onde vocÃª vive, jamais tente esquivar-se da parte que lhe cabe no mundo. <strong>Assumir a responsabilidade </strong> e aprender com os erros Ã© coisa para gente grande, evoluÃ­da, capaz de dar a volta por cima e disposta a entender que os erros sÃ£o parte integrante do crescimento pessoal e profissional. </p>
<p> Pense nisso e seja feliz! </p>
<p> <small> <aÂ href=""http://www.jeronimomendes.com.br/o-que-e-responsabilidade/#sthash.ndB7tPUY.dpuf"">http://www.jeronimomendes.com.br/o-que-e-responsabilidade/#sthash.ndB7tPUY.dpuf</a>
 </small></p>","Por coloquialismo entende-se um tipo de linguagem caracterizado pela utilizaÃ§Ã£o de aspectos informais, cotidianos, sem rigores gramaticais, enfim, um registro prÃ³prio da oralidade. Assinale a alternativa que nÃ£o traz expressÃµes da linguagem coloquial.","NÃ£o Ã© comigo, eu fiz a minha parte, o problema sÃ£o os outros, aqui sempre foi assim, isso nÃ£o muda...","Pessoas com baixo nÃ­vel de responsabilidade preferem se sentir insignificantes, dissimular, zoar, encontrar alguÃ©m para culpar","Esses e outros jargÃµes sÃ£o tÃ­picos de quem nÃ£o assume a responsabilidade, sequer entende o conceito.","Assumir a responsabilidade e aprender com os erros Ã© coisa para gente grande, evoluÃ­da, capaz de dar a volta por cima.",Pessoas com ausÃªncia de responsabilidade possuem as justificativas na ponta da lÃ­ngua. O discurso serÃ¡ colocado em prÃ¡tica ao menor sinal de perigo.,c,,Cotil,2016,2,e,3,
Mupi,n,"<p> Entra governo, sai governo, um escÃ¢ndalo atrÃ¡s do outro, uma 
verdadeira afronta ao nÃ­vel de inteligÃªncia humana, sem o menor pudor. 
Apesar de tudo, nÃ£o existe culpado e quando alguÃ©m consegue encontrÃ¡-lo,
 sÃ£o necessÃ¡rios muitos anos para fazer valer o senso de justiÃ§a que, 
aliÃ¡s, anda escasso nos dias de hoje. </p>
<p> Pessoas 
com ausÃªncia de <strong> responsabilidade </strong> possuem 
as justificativas na ponta da lÃ­ngua. O discurso serÃ¡ colocado em 
prÃ¡tica ao menor sinal de perigo. NÃ£o Ã© comigo, eu fiz a minha parte, o 
problema sÃ£o os outros, aqui sempre foi assim, isso nÃ£o muda, no prÃ³ximo
 ano a gente vÃª como Ã© que faz, culpa do governo, nÃ£o hÃ¡  nada que eu 
possa fazer. Esses e outros jargÃµes sÃ£o tÃ­picos de quem nÃ£o assume a 
<strong>responsabilidade</strong>, sequer entende o 
conceito.</p>
<p> Culturas organizacionais com nÃ­vel 
reduzido ou nulo de <strong>responsabilidade</strong> 
fomentam o cinismo, a falta de confianÃ§a e o desperdÃ­cio de energia 
vital com manobras polÃ­ticas constantes na tentativa de se defender ou 
transferir a culpa. Nesse caso, perde-se o bom senso, a capacidade de 
aprendizagem, a esperanÃ§a de se reverter o caos. </p>
<p>
 A strong>falta de responsabilidade</strong> depende de vÃ¡rios 
fatores enraizados desde a mais tenra infÃ¢ncia: cultura familiar, 
relacionamentos, influÃªncia de pais e amigos, histÃ³ria pessoal, 
experiÃªncias negativas vivenciadas no passado. Embora nÃ£o seja difÃ­cil 
identificar os fatores, considero a â€œsÃ­ndrome da vÃ­timaâ€ o principal de 
todos. </p>
<p> Omitir-se, fazer-se de vÃ­tima, transferir a culpa sÃ£o armas de defesa dos fracos de espÃ­rito.  </p>
<p>
 Pessoas com baixo nÃ­vel de 
<strong>responsabilidade</strong> preferem se sentir 
insignificantes, dissimular, zoar, encontrar alguÃ©m para culpar em vez 
de exercitar a capacidade de assumir o controle sobre si mesmo e sobre 
suas aÃ§Ãµes.  </p>
<p> No fim da histÃ³ria, a culpa Ã© da 
sociedade, do pedestre atropelado, do menino assassinado, do eleitor mal
 informado, do paciente inconformado, do aluno despreparado, do 
professor mal remunerado, do infeliz desavisado. A culpa sÃ³ nÃ£o Ã© do 
culpado, portanto, quando o chefe inescrupuloso estiver do seu lado,  
cuidado, vocÃª pode ser o prÃ³ximo culpado. Independentemente da idade, 
cultura, nÃ­vel de instruÃ§Ã£o e do meio onde vocÃª vive, jamais tente 
esquivar-se da parte que lhe cabe no mundo. <strong>Assumir a 
responsabilidade </strong> e aprender com os erros Ã© coisa para 
gente grande, evoluÃ­da, capaz de dar a volta por cima e disposta a 
entender que os erros sÃ£o parte integrante do crescimento pessoal e 
profissional. </p>
<p> Pense nisso e seja feliz! </p>
<p>
 <small> 
<aÂ href=""http://www.jeronimomendes.com.br/o-que-e-responsabilidade/#sthash.ndB7tPUY.dpuf"">http://www.jeronimomendes.com.br/o-que-e-responsabilidade/#sthash.ndB7tPUY.dpuf</a>
 </small></p>","<p>Considere os verbos grifados com seu respectivo complemento: /p>
<p>â€“ a falta de responsabilidade depende de vÃ¡rios fatores. </br>
â€“ embora nÃ£o seja difÃ­cil identificar os fatores... </br>
â€“ fomentam o cinismo. </br>
â€“ em vez de exercitar a capacidade... </p>
<p> Substituindo os complementos verbais por um pronome pessoal, temos: </p>","depende deles, identificar-lhes, fomentam-o, exercitÃ¡-la.","depende deles, identificÃ¡-los, fomentam-no, exercitÃ¡-la.","dependÃª-los, identificar-lhes, fomentam-lo, exercitar-lhe.","depende deles, identificÃ¡-los, fomentam ele, exercitar ela.","depende neles, identificÃ¡-los, fomentam-no, exercitÃ¡-la.",b,,Cotil,2016,2,m,3,
Mupi,n,"<p> Entra governo, sai governo, um escÃ¢ndalo atrÃ¡s do outro, uma 
verdadeira afronta ao nÃ­vel de inteligÃªncia humana, sem o menor pudor. 
Apesar de tudo, nÃ£o existe culpado e quando alguÃ©m consegue encontrÃ¡-lo,
 sÃ£o necessÃ¡rios muitos anos para fazer valer o senso de justiÃ§a que, 
aliÃ¡s, anda escasso nos dias de hoje. </p>
<p> Pessoas 
com ausÃªncia de <strong> responsabilidade </strong> possuem 
as justificativas na ponta da lÃ­ngua. O discurso serÃ¡ colocado em 
prÃ¡tica ao menor sinal de perigo. NÃ£o Ã© comigo, eu fiz a minha parte, o 
problema sÃ£o os outros, aqui sempre foi assim, isso nÃ£o muda, no prÃ³ximo
 ano a gente vÃª como Ã© que faz, culpa do governo, nÃ£o hÃ¡  nada que eu 
possa fazer. Esses e outros jargÃµes sÃ£o tÃ­picos de quem nÃ£o assume a 
<strong>responsabilidade</strong>, sequer entende o 
conceito.</p>
<p> Culturas organizacionais com nÃ­vel 
reduzido ou nulo de <strong>responsabilidade</strong> 
fomentam o cinismo, a falta de confianÃ§a e o desperdÃ­cio de energia 
vital com manobras polÃ­ticas constantes na tentativa de se defender ou 
transferir a culpa. Nesse caso, perde-se o bom senso, a capacidade de 
aprendizagem, a esperanÃ§a de se reverter o caos. </p>
<p>
 A strong>falta de responsabilidade</strong> depende de vÃ¡rios 
fatores enraizados desde a mais tenra infÃ¢ncia: cultura familiar, 
relacionamentos, influÃªncia de pais e amigos, histÃ³ria pessoal, 
experiÃªncias negativas vivenciadas no passado. Embora nÃ£o seja difÃ­cil 
identificar os fatores, considero a â€œsÃ­ndrome da vÃ­timaâ€ o principal de 
todos. </p>
<p> Omitir-se, fazer-se de vÃ­tima, transferir a culpa sÃ£o armas de defesa dos fracos de espÃ­rito.  </p>
<p>
 Pessoas com baixo nÃ­vel de 
<strong>responsabilidade</strong> preferem se sentir 
insignificantes, dissimular, zoar, encontrar alguÃ©m para culpar em vez 
de exercitar a capacidade de assumir o controle sobre si mesmo e sobre 
suas aÃ§Ãµes.  </p>
<p> No fim da histÃ³ria, a culpa Ã© da 
sociedade, do pedestre atropelado, do menino assassinado, do eleitor mal
 informado, do paciente inconformado, do aluno despreparado, do 
professor mal remunerado, do infeliz desavisado. A culpa sÃ³ nÃ£o Ã© do 
culpado, portanto, quando o chefe inescrupuloso estiver do seu lado,  
cuidado, vocÃª pode ser o prÃ³ximo culpado. Independentemente da idade, 
cultura, nÃ­vel de instruÃ§Ã£o e do meio onde vocÃª vive, jamais tente 
esquivar-se da parte que lhe cabe no mundo. <strong>Assumir a 
responsabilidade </strong> e aprender com os erros Ã© coisa para 
gente grande, evoluÃ­da, capaz de dar a volta por cima e disposta a 
entender que os erros sÃ£o parte integrante do crescimento pessoal e 
profissional. </p>
<p> Pense nisso e seja feliz! </p>
<p>
 <small> 
<aÂ href=""http://www.jeronimomendes.com.br/o-que-e-responsabilidade/#sthash.ndB7tPUY.dpuf"">http://www.jeronimomendes.com.br/o-que-e-responsabilidade/#sthash.ndB7tPUY.dpuf</a>
 </small></p>",Assinale a resposta incorreta.," Em â€œenergia vitalâ€, â€œhistÃ³ria pessoalâ€, â€œcrescimento profissionalâ€, temos adjetivos que poderiam se transformar em locuÃ§Ãµes adjetivas, sem alteraÃ§Ã£o de sentido."," Em â€œ... do pedestre atropelado, do menino assassinado, do eleitor mal informado, do paciente inconformado, do aluno despreparado, do professor mal remunerado, do infeliz desavisadoâ€, subentendemos voz passiva."," Em â€œA falta de responsabilidade depende de vÃ¡rios fatores enraizados desde a mais <strong>tenra</strong> infÃ¢ncia...â€, a palavra destacada pode ser substituÃ­da por ""suave"", sem prejuÃ­zo de sentido.","No sexto parÃ¡grafo do texto, o emprego da vÃ­rgula se deve a separar oraÃ§Ãµes coordenadas."," â€œEmbora nÃ£o seja difÃ­cil identificar os fatores, considero a â€œsÃ­ndrome de vÃ­timaâ€ o principal de todos.â€ Reescrevendo o perÃ­odo, sem lhe alterar o sentido, temos: â€œConsidero a sÃ­ndrome de vÃ­tima o principal de todos os fatores, mesmo nÃ£o sendo difÃ­cil identificÃ¡-los.â€",c,,Cotil,2016,2,m,3,
Mupi,s,cotil-2016/img002.png,"<p> Leia a tirinha que destaca o conhecimento da lÃ­ngua portuguesa. </p>
<p> Assinale a opÃ§Ã£o em que nÃ£o se empregou corretamente a palavra destacada </p>",O funcionÃ¡rio procurou a <strong>sessÃ£o</strong> financeira para entregar a nota fiscal.,A <strong>cessÃ£o</strong> de livros estÃ¡ interrompida nas fÃ©rias.,A <strong>seÃ§Ã£o</strong> de pessoal daquela empresa fica no segundo andar.,A minha <strong>sessÃ£o</strong> de fisioterapia dura 20 minutos.,Em que <strong>seÃ§Ã£o</strong> vocÃª trabalha no supermercado?,a,,Cotil,2016,2,h,3,
Mupi,n,,"O convite de formatura do Cotil que media 15 cm por 4 cm foi alterado, sem modificar as 
dimensÃµes, conforme a figura abaixo. Qual Ã© a Ã¡rea do convite com o nome do ColÃ©gio? 
<img src=""https://s3.us-east-2.amazonaws.com/masteraula/images/question_images/cotil-2016/img003.png""/>",44 cm<sup>2</sup>,60 cm<sup>2</sup>,121 cm<sup>2</sup>,16 cm<sup>2</sup>,20 cm<sup>2</sup>,a,"<img src=""https://s3.us-east-2.amazonaws.com/masteraula/images/question_images/cotil-2016/img004.png""/>",Cotil,2016,4,e,3,
Mupi,s,cotil-2016/img005.png,"<p> Os triÃ¢ngulos ABC e ABD sÃ£o isÃ³sceles de bases AB e BD, respectivamente. Sendo o  Ã¢ngulo ğ´ğ¶Ì‚ğµ = 40Â°, determine a medida do Ã¢ngulo CÃ‚D.</p>

",15Â°,30Â°,45Â°,70Â°,140Â°,b,"<img src=""https://s3.us-east-2.amazonaws.com/masteraula/images/question_images/cotil-2016/img006.png""/>",Cotil,2016,4,e,3,
Mupi,n,,Determine a soma dos algarismos do nÃºmero 10<sup>1889</sup> + 100<sup>237</sup> + 1000<sup>456</sup> + 10000<sup>4567</sup>.,1,10,4,100,7149,c,"<img src=""https://s3.us-east-2.amazonaws.com/masteraula/images/question_images/cotil-2016/img007.png""/>",Cotil,2016,4,h,3,
Mupi,s,cotil-2016/img008.png,"De acordo com a figura, determine a medida de CE.

",1,2,3,4,5,b,"<img src=""https://s3.us-east-2.amazonaws.com/masteraula/images/question_images/cotil-2016/img009.png""/>",Cotil,2016,4,e,3,
Mupi,n,,"Uma placa de sinalizaÃ§Ã£o deve ser produzida no formato de triÃ¢ngulo equilÃ¡tero,  utilizando um molde e uma quantidade de metal fundido suficiente para formar uma superfÃ­cie de 1557 cm2 . Podemos afirmar que o perÃ­metro dessa placa de sinalizaÃ§Ã£o serÃ¡ (utilize &#8730;3 â‰… 1,73)", 519 cm,346 cm,240 cm,180 cm,60 cm,d,"<img src=""https://s3.us-east-2.amazonaws.com/masteraula/images/question_images/cotil-2016/img010.png""/>",Cotil,2016,4,e,3,
Mupi,n,,"Podemos afirmar que a soluÃ§Ã£o da equaÃ§Ã£o <img src=""https://s3.us-east-2.amazonaws.com/masteraula/images/question_images/cotil-2016/img011.png""/> com <img src=""https://s3.us-east-2.amazonaws.com/masteraula/images/question_images/cotil-2016/img012.png""/>",-2,3,5,8,10,d,"<img src=""https://s3.us-east-2.amazonaws.com/masteraula/images/question_images/cotil-2016/img013.png""/>",Cotil,2016,4,e,3,
Mupi,n,,"Sabendo que a soma e o produto das raÃ­zes da equaÃ§Ã£o (ğ‘ âˆ’ 9)ğ‘¥<sup>2</sup> âˆ’ (ğ‘ âˆ’ ğ‘)ğ‘¥ + (ğ‘ + 1) = 0 sÃ£o, respectivamente, 5 e 6, o valor de ğ‘/ğ‘ Ã©",10,5,2,-2,-5,c,"<img src=""https://s3.us-east-2.amazonaws.com/masteraula/images/question_images/cotil-2016/img014.png""/>",Cotil,2016,4,m,3,
Mupi,n,,"Um funcionÃ¡rio de uma grÃ¡fica trabalha numa cidade e mora em outra. O tempo que ele utiliza para se locomover Ã© de 45 minutos diÃ¡rios. Se ele aumentar sua velocidade em 20%, ele permanecerÃ¡ dentro dos limites de velocidade determinada e chegarÃ¡ ao trabalho em",36 minutos,36 minutos e 30 segundos.,36 minutos e 50 segundos.,37 minutos e 50 segundos.,37 minutos e 30 segundos.,e,"<img src=""https://s3.us-east-2.amazonaws.com/masteraula/images/question_images/cotil-2016/img015.png""/>",Cotil,2016,4,m,3,
Mupi,n,,"Num triÃ¢ngulo retÃ¢ngulo, se aumentarmos um cateto em 10% e diminuirmos o outro cateto em 10%, em relaÃ§Ã£o ao valor inicial, sua nova Ã¡rea serÃ¡",diminuÃ­da em 1%.,aumentada em 1%.,igual.,diminuÃ­da em 10%.,aumentada em 10%.,a,,Cotil,2016,4,h,3,
Mupi,s,cotil-2016/img017.png,"< No triÃ¢ngulo ABC, o segmento DE Ã© paralelo a BC e as medidas de AD e DB sÃ£o, respectivamente, 6 cm e 3 cm. A razÃ£o entre as Ã¡reas dos triÃ¢ngulos ABC e ADE Ã© 

",2,1/2,3/2,9/4,3,d,"<img src=""https://s3.us-east-2.amazonaws.com/masteraula/images/question_images/cotil-2016/img018.png""/>",Cotil,2016,4,m,3,
Mupi,n,,"<p>Utilizando as notaÃ§Ãµes MDC (mÃ¡ximo divisor comum), MMC (mÃ­nimo mÃºltiplo comum) e sendo x=4 , y=12, z=16 e w=48, temos </p>
<p>I. MDC (x,z,w) = x </br>
II. MMC (x,y,z) = w</br>
III. x e y sÃ£o divisores de z</br>
IV. x e y sÃ£o divisores de w</p>
<p> Respeitando a ordem das afirmaÃ§Ãµes acima e atribuindo (V) para verdadeiro e (F) para falso, a alternativa correta Ã© </p>","V, V, V, V","F, V, F, V","V, V, F, V","V, V, F, F","F, V, V, V",c,"<img src=""https://s3.us-east-2.amazonaws.com/masteraula/images/question_images/cotil-2016/img019.png""/>",Cotil,2016,4,h,3,
Mupi,n,,"Um produtor observou na colheita de novembro que a quantidade de laranjas podres dividida pela quantidade de maÃ§Ã£s podres era 0,36. Qual Ã© o menor nÃºmero possÃ­vel de frutas estragadas nessa colheita?",36,9,25,34,16,d,"<img src=""https://s3.us-east-2.amazonaws.com/masteraula/images/question_images/cotil-2016/img020.png""/>",Cotil,2016,4,e,3,
Mupi,n,,"Para comemorar o dia do matemÃ¡tico, fizemos uma competiÃ§Ã£o contendo um teste com 47 questÃµes. Cada resposta correta valia 3 pontos e para cada erro ou questÃ£o nÃ£o respondida perdiam-se 2 pontos. Um aluno que tenha ficado com nota 51 acertou quantas questÃµes?",17,18,25,29,31,d,"<img src=""https://s3.us-east-2.amazonaws.com/masteraula/images/question_images/cotil-2016/img021.png""/>",Cotil,2016,4,m,3,
Mupi,n,,"Uma pessoa com 1,70 m de altura enxerga o topo de um prÃ©dio sob o Ã¢ngulo ğœƒ com a horizontal. Sabendo que a distÃ¢ncia dessa pessoa atÃ© a base do prÃ©dio mede x, podemos determinar a altura do prÃ©dio efetuando o cÃ¡lculo",x . tg &#952;,"s . sen &#952; + 1,7","x . cos &#952; - 1,7","x . cos &#952; + 1,7","x . tg &#952; + 1,7",e,"<img src=""https://s3.us-east-2.amazonaws.com/masteraula/images/question_images/cotil-2016/img022.png""/>",Cotil,2016,4,h,3,
Mupi,n,,"O valor da expressÃ£o <img src=""https://s3.us-east-2.amazonaws.com/masteraula/images/question_images/cotil-2016/img023.png""/> Ã© ",4,5,6,7,8,b,"<img src=""https://s3.us-east-2.amazonaws.com/masteraula/images/question_images/cotil-2016/img024.png""/>",Cotil,2016,4,h,3,
Mupi,n,,"Os quatis sÃ£o animais que vivem na floresta. No Brasil, eles sÃ£o encontrados, por exemplo, na Floresta AmazÃ´nica e na Mata AtlÃ¢ntica. Esses animais se alimentam principalmente de aves e ovos, embora tambÃ©m comam frutas e apreciem bastante o milho. GambÃ¡s, macacos, onÃ§as, cobras e aves sÃ£o outras populaÃ§Ãµes que vivem na mesma regiÃ£o ocupada pelos quatis. Os gambÃ¡s se alimentam de frutos, vermes, pequenos mamÃ­feros, aves e cobras. Seus hÃ¡bitos alimentares sÃ£o semelhantes aos dos quatis, com os quais competem pelo alimento. As onÃ§as alimentam-se de macacos, capivaras, porcos-do-mato e tambÃ©m de gambÃ¡s e quatis. As cobras da regiÃ£o alimentam-se de pequenos mamÃ­feros e aves, alÃ©m de apreciarem ovos frescos. Segundo o texto, podemos afirmar que","por possuÃ­rem hÃ¡bito alimentar semelhante, quatis e gambÃ¡s podem viver no mesmohabitat sem que haja competiÃ§Ã£o entre eles.","o aumento da populaÃ§Ã£o de onÃ§as pode, inicialmente, reduzir o nÃºmero de indivÃ­duos na populaÃ§Ã£o de quatis.","em funÃ§Ã£o de seu hÃ¡bito alimentar, os quatis podem ser considerados animais herbÃ­voros.",os quatis nÃ£o oferecem ameaÃ§a aos produtores de milho que possuem Ã¡reas cultivadas prÃ³ximas ao seu habitat.,nÃ£o Ã© possÃ­vel identificar no texto algum tipo de relaÃ§Ã£o existente entre os seres vivos citados.,b,,Cotil,2016,"7, 8",m,3,
Mupi,s,cotil-2016/img025.png,"O quadrinho acima refere-se Ã  produÃ§Ã£o de Organismos Geneticamente Modificados (OGM) ou TransgÃªnicos. Sobre os OGMs, podemos afirmar que:

",sÃ£o produzidos atravÃ©s da transferÃªncia de genes de uma espÃ©cie de organismo para outro organismo de uma espÃ©cie diferente.,sÃ£o organismos que apresentam mutaÃ§Ãµes espontÃ¢neas as quais o induzem a produzir novas caracterÃ­sticas.,"sÃ£o obtidos de forma natural, quando uma espÃ©cie de organismo cruza com um organismo de uma espÃ©cie diferente.",sÃ£o resultado do processo evolutivo conhecido como seleÃ§Ã£o natural.,sÃ£o organismos produzidos em laboratÃ³rio atravÃ©s da transferÃªncia de genes de organismos da mesma espÃ©cie.,a,,Cotil,2016,"7, 8",e,3,
Mupi,s,cotil-2016/img026.png," Analise o quadro de animais relacionados a seguir e assinale a alternativa correta. 

", Todos apresentam simetria bilateral.,Dois representantes sÃ£o vertebrados.,Um Ã© obrigatoriamente aquÃ¡tico.,Quatro representantes possuem respiraÃ§Ã£o branquial.,A minhoca nÃ£o Ã© um anelÃ­deo.,c,,Cotil,2016,"7, 8",e,3,
Mupi,s,cotil-2016/img027.png,"<p> A imagem se refere a uma tÃ©cnica de produÃ§Ã£o de mudas conhecida como cultura de meristemas. Meristema Ã© um tecido vegetal indiferenciado que dÃ¡ origem aos outros tecidos adultos de uma planta. </p>
<p>Dessa maneira, podemos afirmar sobre a cultura de meristemas que</p>",a planta indicada em 6 Ã© geneticamente diferente da planta indicada em 1.,em 4 o embriÃ£o se desenvolve apÃ³s a germinaÃ§Ã£o da semente., em 5 nÃ£o Ã© necessÃ¡ria a presenÃ§a de nutrientes no meio de cultivo., a planta 6 sobrevive sem a necessidade de realizar fotossÃ­ntese.,o processo apresentado pode ser comparado Ã  clonagem realizada em animais.,e,,Cotil,2016,"7, 8",h,3,
Mupi,s,cotil-2016/img028.png,"A imagem a seguir representa o sistema digestÃ³rio humano. O intestino delgado estÃ¡  corretamente indicado pelo nÃºmero

",I,II,III,IV,V,d,,Cotil,2016,"7, 8",e,3,
Mupi,n,,"<p>Na tentativa de explicar a natureza da matÃ©ria, vÃ¡rias teorias surgiram ao longo do tempo, sendo uma delas criada por EmpÃ©docles, por volta do sÃ©culo V a.C. Segundo ele, tudo o que existe no universo seria composto por quatro elementos principais. No entanto, o conhecimento cientÃ­fico desenvolvido a partir do sÃ©culo XIX forneceu outra concepÃ§Ã£o sobre a natureza da matÃ©ria e a ideia de elemento quÃ­mico.</p>
<p> De acordo com a concepÃ§Ã£o moderna de elemento quÃ­mico, os cientistas propÃµem ser a Ã¡gua uma  </p>",mistura heterogÃªnea de gases H<sub>2</h2> e O<sub>2</sub>., substÃ¢ncia simples formada por trÃªs Ã¡tomos. ,mistura homogÃªnea de hidrogÃªnio com oxigÃªnio. , substÃ¢ncia composta formada por dois elementos quÃ­micos. ,mistura pura de hidrogÃªnio e oxigÃªnio.,d,,Cotil,2016,"7, 10",e,3,
Mupi,n,,"<p> . ApÃ³s uma aula de revisÃ£o sobre processos de separaÃ§Ã£o de misturas, um professor de QuÃ­mica lanÃ§ou um desafio aos alunos: </p>
<p> <em> Considerem uma mistura contendo trÃªs componentes sÃ³lidos e proponham um modo de separÃ¡-los. Para tanto, utilizem o quadro seguinte, que contÃ©m algumas caracterÃ­sticas dos constituintes dessa mistura. </em> </p>
<img src=""https://s3.us-east-2.amazonaws.com/masteraula/images/question_images/cotil-2016/img029.png""/>
<p> A sequÃªncia correta de processos para a separaÃ§Ã£o de cada um dos componentes da mistura Ã© </p>"," adiÃ§Ã£o de Ã¡gua fria, filtraÃ§Ã£o, evaporaÃ§Ã£o e destilaÃ§Ã£o. ","separaÃ§Ã£o magnÃ©tica, adiÃ§Ã£o de Ã¡gua fria, filtraÃ§Ã£o e destilaÃ§Ã£o.","adiÃ§Ã£o de Ã¡gua quente, filtraÃ§Ã£o Ã  quente, evaporaÃ§Ã£o e separaÃ§Ã£o magnÃ©tica.","separaÃ§Ã£o magnÃ©tica, adiÃ§Ã£o de Ã¡gua quente, filtraÃ§Ã£o e destilaÃ§Ã£o fracionada.",nÃ£o Ã© possÃ­vel a separaÃ§Ã£o da mistura proposta.,b,,Cotil,2016,"7, 10",h,3,
Mupi,n,,"Quando uma garrafa de Ã¡gua gaseificada Ã© aberta, formam-se bolhas de diÃ³xido de  carbono. Nessa situaÃ§Ã£o, o sistema<em> Ã¡gua + gÃ¡s</em> forma",uma substÃ¢ncia simples.,uma mistura homogÃªnea.,uma soluÃ§Ã£o.,uma mistura heterogÃªnea.,uma substÃ¢ncia composta.,d,,Cotil,2016,"7, 10",m,3,
Mupi,n,,"<p> Sobre os seguintes sistemas: </p>
<p>I. ouro </br>
II. Ã¡gua mineral </br>
III. Ã¡gua + Ã³leo </br>
IV. ar atmosfÃ©rico </p>
Ã© correto afirmar que ",II e IV sÃ£o homogÃªneos.,III e IV sÃ£o heterogÃªneos.,I e III constituem misturas.,I e II representam substÃ¢ncias puras.,apenas o II Ã© substÃ¢ncia pura.,a,,Cotil,2016,"7, 10",m,3,
Mupi,n,,"<p> A chuva Ã¡cida Ã© um problema dos grandes centros urbanos e das metrÃ³poles industriais. Nesses locais, certas atividades humanas lanÃ§am na atmosfera grandes quantidades de ENXOFRE, o qual, reagindo com o OXIGÃŠNIO do ar, forma compostos, como o TRIÃ“XIDO DE ENXOFRE. Este, por sua vez, reage com a ÃGUA da chuva, formando o ÃCIDO SULFÃšRICO, que se precipita na forma de chuva Ã¡cida, causando danos ao meio ambiente e ao organismo humano. </p>
<p>O texto faz referÃªncia a cinco espÃ©cies de matÃ©ria, que podem ser classificadas, RESPECTIVAMENTE, como substÃ¢ncias </p>","simples, composta, simples, composta, simples.","simples, composta, simples, composta, composta.","composta, simples, simples, composta, composta.","composta, composta, composta, simples, simples.","simples, simples, composta, composta, composta.",e,,Cotil,2016,"7, 10",m,3,
Mupi,n,,"Ao estudar o movimento de corpos sob a aÃ§Ã£o do campo gravitacional, aprendemos que eles, em queda livre, sÃ£o acelerados com uma intensidade constante de aproximadamente 10 m/s<sup>2</sup> em direÃ§Ã£o ao solo terrestre. Essa quantidade indica que",corpos em queda livre levam 10 s para tocar o chÃ£o.,corpos em queda livre atingem o solo terrestre com velocidade de 10 m/s.,corpos em queda livre tÃªm sua velocidade variando de 10 m/s a cada segundo.,corpos em queda livre tÃªm sua velocidade aumentando atÃ© atingirem a velocidade final de 10 m/s.,corpos em queda livre se deslocam 10 m para baixo a cada segundo.,c,,Cotil,2016,"7, 9",e,3,
Mupi,s,cotil-2016/img030.png,"<p>Um estudante interessado em estudar o fenÃ´meno de dilataÃ§Ã£o tÃ©rmica dos sÃ³lidos foi ao laboratÃ³rio de FÃ­sica e realizou um experimento em que ele media o comprimento de uma barra de metal em funÃ§Ã£o de sua temperatura, alÃ©m de medir a quantidade de energia fornecida em funÃ§Ã£o do tempo de aquecimento. Os grÃ¡ficos a seguir mostram os dados  coletados pelo estudante desde o instante inicial atÃ© o tÃ©rmino de seu experimento. </p>

<p> Sabe-se que a variaÃ§Ã£o do comprimento dessa barra ( &#916;L) em funÃ§Ã£o de sua variaÃ§Ã£o de temperatura ( &#916;T) Ã© dada pela relaÃ§Ã£o  &#916;L = L<sub>0</sub> â‹… &#945; â‹…  &#916;T, em que L <sub>0</sub> Ã© o comprimento inicial e Î± Ã© chamado de coeficiente de dilataÃ§Ã£o linear. Com base nos dados dos grÃ¡ficos,
podemos afirmar que L<sub> 0</sub> e &#945; valem, respectivamente, </p>","1 m e 0,0001 Â°C <sup>âˆ’1</sup>","1,05 m e 0,0001 Â°C <sup>âˆ’1</sup>","0 m e 0,0001 Â°C <sup>âˆ’1</sup>","1 m e 0,0002 Â°C <sup>âˆ’1</sup>","1,05 m e 0,0002 Â°C <sup>âˆ’1</sup>",a,"<img src=""https://s3.us-east-2.amazonaws.com/masteraula/images/question_images/cotil-2016/img031.png""/>",Cotil,2016,"7, 9",h,3,
Mupi,s,cotil-2016/img030.png,"Definimos potÃªncia como a rapidez com que a energia de um sistema Ã© transformada, ou seja, <img src=""https://s3.us-east-2.amazonaws.com/masteraula/images/question_images/cotil-2016/img032.png""/> Com base nos grÃ¡ficos dados, podemos dizer que a potÃªncia com que a barra Ã© aquecida vale ",6000 W,6000 J,120 W,50 W,50 J,d,"<img src=""https://s3.us-east-2.amazonaws.com/masteraula/images/question_images/cotil-2016/img033.png""/>",Cotil,2016,"7, 9",m,3,
Mupi,s,cotil-2016/img034.png,"<p> Morcegos sÃ£o exemplos de animais que utilizam ondas sonoras de alta frequÃªncia (ultrassom) para â€œenxergarâ€ no ambiente em que se deslocam. Essa capacidade Ã© conhecida como ecolocalizaÃ§Ã£o, pois se vale das ondas sonoras refletidas nos objetos para localizÃ¡-los. Sabendo que o som se propaga no ar a uma velocidade constante de 340 m/s, determine o tempo mÃ­nimo para um morcego perceber a presenÃ§a de um obstÃ¡culo 17m Ã  sua frente.</p>
<p>Desconsidere o movimento do morcego.</p>

 <p><small> Figura retirada do site  <aÂ href=""https://commons.wikimedia.org/wiki/File:Chiroptera_echolocation.svg"">https://commons.wikimedia.org/wiki/File:Chiroptera_echolocation.svg</a> </small></p>",1 s,"0,1 s","0,01 s","0,05 s",20 s,b,"<p> Para que o morcego â€œenxergueâ€ o obstÃ¡culo Ã  sua frente, Ã© necessÃ¡rio que ele emita a onda sonora. Essa onda irÃ¡ ser refletida no objeto e, entÃ£o, retornar ao morcego. Considerando que o objeto esteja 17m Ã  sua frente, serÃ¡ necessÃ¡rio, portanto, que a onda sonora percorra 17m para ir e mais 17m para voltar, logo,  34m ao todo. Deslocando-se com uma velocidade constante de 340 m/s, o tempo gasto pela onda sonora para percorrer o espaÃ§o em questÃ£o pode ser obtido pela relaÃ§Ã£o </p>
<img src=""https://s3.us-east-2.amazonaws.com/masteraula/images/question_images/cotil-2016/img035.png""/>",Cotil,2016,"7, 9",m,3,
Mupi,s,cotil-2016/img036.png,"<p> Do modelo atÃ´mico atual, sabemos que a matÃ©ria Ã© constituÃ­da de partÃ­culas denominadas Ã¡tomos e que Ã¡tomos sÃ£o constituÃ­dos por partÃ­culas ainda menores denominadas elÃ©trons (e), prÃ³tons (p) e nÃªutrons (n). Experimentos revelam que tais partÃ­culas possuem uma propriedade fÃ­sica chamada de carga elÃ©trica. Tal propriedade permite a essas partÃ­culas interagir entre si, atraindo ou repelindo umas Ã s outras. Considere que em um experimento um cientista fixou dois prÃ³tons ao longo de uma linha 
reta, como mostra a figura. </p>
<p> Deseja-se posicionar outro prÃ³ton sobre a mesma linha, de modo que este Ãºltimo permaneÃ§a em repouso apenas pelo resultado da interaÃ§Ã£o com os outros dois prÃ³tons jÃ¡ posicionados. Em que lugar, ou em quais lugares, o cientista deve tentar posicionar essa terceira partÃ­cula, para que seja possÃ­vel obter sucesso em seu experimento?</p>",Apenas na regiÃ£o A.,Nas regiÃµes A e C.,Apenas na regiÃ£o C.,Nas regiÃµes B e C.,Apenas na regiÃ£o B.,e,"PrÃ³tons sÃ£o partÃ­culas de carga elÃ©trica positiva. No exercÃ­cio, todos os corpos posicionados sobre o eixo sÃ£o cargas positivas e, portanto, repelem-se. Por isso, para que haja equilÃ­brio entre as forÃ§as de repulsÃ£o recebidas pelo terceiro prÃ³ton, serÃ¡ necessÃ¡rio que tais forÃ§as sejam opostas, tal qual um cabo de guerra. Isso somente pode ocorrer na regiÃ£o B, onde o prÃ³ton mais Ã  direita irÃ¡ repelir o terceiro prÃ³ton para a esquerda e o prÃ³ton mais Ã  esquerda irÃ¡ repelir o terceiro prÃ³ton para a direita.",Cotil,2016,"7, 9",m,3,
Mupi,n,,"<p> As OlimpÃ­adas do Rio de Janeiro 2016 provocaram uma operaÃ§Ã£o que envolve tecnologia e criatividade para o Rio nÃ£o fazer feio nas competiÃ§Ãµes de vela na BaÃ­a de Guanabara. </p>
<p> Coloque (V) para verdadeiro e (F) para falso.</br>
(   ) I â€“ As Ã¡guas da BaÃ­a da Guanabara permanecem imundas, contaminadas e imprÃ³prias para o banho. </br>
(   ) II â€“ Entre 08 e 18 de agosto do prÃ³ximo ano, quando acontecerÃ£o as competiÃ§Ãµes de vela, deverÃ¡ ocorrer um mutirÃ£o de limpeza para remover a maior parte do lixo flutuante. </br>
(   ) III â€“ A escassez de chuvas em agosto evita mais sujeira nos rios, enquanto o vento e a marÃ© no horÃ¡rio da provas ajudam a tirar o lixo do caminho da regata.</p>
<p> De acordo com o que vocÃª completou, a resposta correta Ã©: </p>",Todas verdadeiras.,Todas falsas.,Somente I verdadeira.,Somente I e II verdadeiras.,Somente III falsa.,a,,Cotil,2016,6,e,3,
Mupi,n,,"<p>A anomalia climÃ¡tica, que espalha secas e tempestade, jÃ¡ comeÃ§ou e deve se amplificar atÃ© 2016 â€“ com forÃ§a mais destruidora do que a de 1997, seu ano mais dramÃ¡tico.</p>
<p>Marque a opÃ§Ã£o correta sobre o assunto em destaque.</p>","Tudo indica que, neste ano, terÃ¡ inÃ­cio um El NiÃ±o que pode superar o de dezoito anos atrÃ¡s, mesmo em suas consequÃªncias negativas.",El NiÃ±o e El NiÃ±a sÃ£o fenÃ´menos que caracterizam o aumento da temperatura.,"ConsequÃªncia do aquecimento brusco das Ã¡guas do PacÃ­fico tropical, a El NiÃ±a Ã© um evento comum.","O El NiÃ±o, na trilha de seus estragos, mexe muito com a economia mundial, mas os Estados Unidos nÃ£o estarÃ£o entre os paÃ­ses hipoteticamente afetados.",Ã‰ animador saber que se evoluiu muito quanto Ã  tecnologia de detecÃ§Ã£o e combate Ã  anomalia climÃ¡tica desde 1997.,a,,Cotil,2016,6,m,3,
Mupi,n,,"Este ano se comemora o centenÃ¡rio da <strong>Teoria Geral da Relatividade</strong>, cujo autor afirmou que no Universo o tempo nÃ£o Ã© absoluto, ou seja, para o observador em movimento o tempo passa mais lentamente que para o observador em repouso. De que famoso fÃ­sico estamos tratando?",Isaac Newton,Isaac Newton,Albert Einstein,Blaise Pascal,Charles Darwin,c,,Cotil,2016,5,e,3,
Mupi,n,,"A operaÃ§Ã£o Lava Jato, que teve inÃ­cio em marÃ§o de 2014, investiga um grande esquema de lavagem de dinheiro envolvendo a PetrobrÃ¡s, grandes empreiteiras do paÃ­s e polÃ­ticos. Um dos nomes bastante citados e com envolvimento no caso, uma das primeiras prisÃµes, Ã© do",doleiro Carlos Cunha.,deputado federal Armando dos Santos.,doleiro Alberto Youssef.,"cunhado da presidente Dilma, Alberto Roussef.",Juiz SÃ©rgio Moro.,c,,Cotil,2016,"5, 21",e,3,
Mupi,n,,"<p>O rompimento da barragem de rejeitos da Mineradora Samarco causou uma enxurrada de lama que destruiu o distrito de Bento Rodrigues, no dia 05 deste mÃªs. Segundo a prefeitura, o distrito de Bento Rodrigues tem cerca de 600 moradores, em 200 imÃ³veis. Mas outras localidades foram atingidas pelo mar de lama, com estimativa de milhares de pessoas afetadas e o Rio Doce devastado.</p>
<p>Em que cidade e estado aconteceu essa tragÃ©dia?</p>",SÃ£o Paulo â€“ SÃ£o Paulo,Ouro Preto â€“ Minas Gerais,Bento GonÃ§alves â€“ Rio Grande do Sul,MaringÃ¡ â€“ ParanÃ¡,Mariana â€“ Minas Gerais,e,,Cotil,2016,"5, 6",e,3,